Position,Match Day,Estadistica,Distance (m),"Speed Zones (m) [0.0, 6.0]km/h (m)",Abs HSR(m),Sprint Abs (m),Sprint Rel (m),Explosive Dist (m),Max Acceleration,Accelerations,Decelerations,Dif. ACC/DEC,Step Balance (%),Total impacts,Distance (m) diff,"Speed Zones (m) [0.0, 6.0]km/h (m) diff",Abs HSR(m) diff,Sprint Abs (m) diff,Sprint Rel (m) diff,Explosive Dist (m) diff,Max Acceleration diff,Accelerations diff,Decelerations diff,Dif. ACC/DEC diff,Step Balance (%) diff,Total impacts diff
Extremo,-3 MD,mean,5104.213376248606,1950.8776617282792,315.97913599856577,135.52815526594404,1.7810069356957632,630.5044351621842,4.619184348845733,2256.2195121951218,2271.756097560976,-2.975609756097561,0.006218997521839112,10360.658536585366,60.49,62.33,53.66,48.75,80.81,61.57,92.11,93.73,94.14,14.6,43.42,60.57
Extremo,-3 MD,median,5105.23414138099,2035.13989257813,312.21141093915,110.633599496418,0.0,640.766270840409,4.66267256724714,2283.0,2290.0,-1.0,0.00431146085202452,10012.0,53.9,64.03,53.0,43.07,,57.16,95.62,93.43,93.55,6.45,30.8,51.82
Extremo,-3 MD,max,6778.67155784536,2671.5546875,736.34798478045,489.370915714701,43.1623677348072,835.074566659002,5.54306810063244,3010.0,3030.0,22.0,0.050850881013393,15132.0,52.7,47.59,65.68,68.13,105.48,54.36,70.73,80.18,80.78,200.0,107.96,52.16
Extremo,-3 MD,min,1255.48976230139,678.12158203125,51.6581004604803,7.02268255867214,0.0,158.281658547519,3.58574070663563,887.0,915.0,-26.0,-0.0282781214126653,2907.0,58.04,96.9,90.25,36.59,,59.84,104.49,182.14,188.66,35.62,103.89,75.66
Extremo,-3 MD,p75,6092.77482522501,2227.09936523438,404.461878358393,174.201454149708,0.0,727.000917929153,5.03747464279937,2529.0,2525.0,3.0,0.0164764199051453,11849.0,57.1,52.9,52.16,51.78,,56.39,95.3,81.61,81.06,-60.0,68.39,57.27
Extremo,-3 MD,p90,6370.69045695258,2340.2060546875,477.867521431519,265.415362962411,0.0,788.442864662718,5.23708344747623,2700.0,2742.0,7.0,0.0282304753109018,12904.0,57.22,51.05,50.91,47.97,,55.67,88.28,78.49,79.97,,85.6,53.17
Extremo,-3 MD,p95,6628.79607395074,2386.73461914063,558.067598662616,337.834223517384,10.7736593827643,803.682213094192,5.3095159027412,2777.0,2793.0,8.0,0.035337349992716,14352.0,57.63,49.76,58.07,59.7,82.76,54.97,82.13,80.42,80.35,400.0,95.19,55.9
Extremo,-4 MD,mean,6061.020453447725,2269.0659216678523,383.359177970072,161.6191045404133,0.7053315993938364,767.025909245783,4.568105965956121,2565.4242424242425,2582.7272727272725,-8.606060606060606,0.008542228155601723,12455.151515151516,71.83,72.5,65.11,58.13,32.0,74.9,91.09,106.57,107.03,42.22,59.64,72.81
Extremo,-4 MD,median,6095.30005763675,2224.4111328125,406.938185792485,157.494489952883,0.0,786.073945950625,4.55724747142809,2544.0,2556.0,-4.0,0.00772015165858837,12616.0,64.35,69.99,69.08,61.31,,70.13,93.45,104.11,104.41,25.81,55.14,65.3
Extremo,-4 MD,max,7785.58117829181,3008.00732421875,627.535880872856,358.450271873594,23.2759427799966,941.316700842893,5.7737710585297,3187.0,3202.0,19.0,0.047658860368089,16369.0,60.53,53.58,55.97,49.9,56.88,61.28,73.67,84.9,85.36,172.73,101.18,56.43
Extremo,-4 MD,min,3183.64794613204,1641.26892089844,76.8766217561913,26.9406820557452,0.0,392.853839565598,3.83837542248897,1977.0,2003.0,-45.0,-0.0279369871153694,7430.0,147.18,234.52,134.31,140.36,,148.53,111.85,405.95,412.99,61.64,102.64,193.39
Extremo,-4 MD,p75,6669.86650154582,2421.64013671875,460.792096967171,218.27717977306,0.0,846.225965431913,4.83971382883262,2813.0,2841.0,2.0,0.0202827199072713,13755.0,62.5,57.52,59.43,64.88,,65.63,91.56,90.77,91.2,-40.0,84.19,66.48
Extremo,-4 MD,p90,7129.65587213716,2728.71313476563,562.81421957876,290.889618063432,0.0,909.138409503604,5.14789973570641,2924.0,2940.0,8.0,0.0307198464515635,15107.0,64.04,59.52,59.97,52.58,,64.2,86.77,85.0,85.74,,93.14,62.25
Extremo,-4 MD,p95,7242.93955565124,2830.78100585938,564.955728500208,309.755838445123,0.0,916.773327209555,5.27713371497211,2939.0,2961.0,8.0,0.0359808624853566,15137.0,62.97,59.02,58.79,54.74,0.0,62.7,81.62,85.11,85.18,400.0,96.93,58.95
Extremo,-1 MD,mean,3088.121299696716,1389.1848883995663,76.75127336451332,24.048766017015662,0.0,377.7085151436788,4.318725649758064,1780.4038461538462,1790.6153846153845,-3.1346153846153846,0.010780364454665674,6879.403846153846,36.6,44.38,13.03,8.65,0.0,36.88,86.12,73.96,74.2,15.38,75.26,40.22
Extremo,-1 MD,median,3121.27090701388,1367.068481445315,71.8395247019512,17.724445629733097,0.0,385.10059407613403,4.22248327044726,1656.0,1665.5,-1.0,0.00584588396981341,6822.5,32.95,43.01,12.2,6.9,,34.36,86.59,67.77,68.04,6.45,41.76,35.31
Extremo,-1 MD,max,4028.64517968692,1766.54968261719,305.194280423244,124.162691260353,0.0,495.128485886966,5.56896041526838,2417.0,2434.0,17.0,0.0862711045027467,10334.0,31.32,31.47,27.22,17.29,0.0,32.23,71.06,64.38,64.89,154.55,183.15,35.62
Extremo,-1 MD,min,2168.72244950331,975.096252441406,8.41939521738826,0.0,0.0,193.94115710546,3.37075326428671,1333.0,1352.0,-31.0,-0.037999498313881,4839.0,100.26,139.33,14.71,0.0,,73.33,98.22,273.72,278.76,42.47,139.61,125.95
Extremo,-1 MD,p75,3489.84554671461,1574.23657226563,94.4859799169277,28.9734895717827,0.0,424.702837465075,4.73544622410829,1985.0,2001.0,5.0,0.0228977961892174,7439.0,32.7,37.39,12.19,8.61,,32.94,89.59,64.05,64.24,-100.0,95.04,35.95
Extremo,-1 MD,p90,3696.3043152296,1598.7431640625,124.668633605781,55.5984338098727,0.0,440.189893938127,5.09126255734,2212.0,2240.0,10.0,0.0373238382146131,8030.0,33.2,34.87,13.28,10.05,,31.08,85.82,64.3,65.33,,113.17,33.09
Extremo,-1 MD,p95,3721.77590289462,1644.25341796875,149.848236532775,69.720332484231,0.0,470.70472707379,5.16611121068097,2289.0,2309.0,12.0,0.0541713613166146,8284.0,32.36,34.28,15.59,12.32,0.0,32.19,79.91,66.29,66.43,600.0,145.93,32.26
Extremo,MD,mean,8438.04413691841,3129.9208655724174,588.8303944451943,278.0164773990987,2.2040477119036326,1024.085404022409,5.01489388488346,2407.230769230769,2413.096153846154,-20.384615384615383,0.014323853877213105,17106.096153846152,0.0,0.0,0.0,0.0,0.0,0.0,0.0,0.0,0.0,0.0,0.0,0.0
Extremo,MD,median,9471.81502864278,3178.37109375,589.068557557632,256.87641863185604,0.0,1120.9364873710101,4.87648152630237,2443.5,2448.0,-15.5,0.0140004276639714,19320.5,0.0,0.0,0.0,0.0,0.0,0.0,0.0,0.0,0.0,0.0,0.0,0.0
Extremo,MD,max,12862.9218365861,5613.79248046875,1121.142677214,718.304398202408,40.9210266041335,1536.09965374106,7.8368603385458,3754.0,3751.0,11.0,0.0471036073958871,29008.0,0.0,0.0,0.0,0.0,0.0,0.0,0.0,0.0,0.0,0.0,0.0,0.0
Extremo,MD,min,2163.16153724554,699.84423828125,57.2364952584614,19.1945812141543,0.0,264.490379208261,3.43170875551725,487.0,485.0,-73.0,-0.0272184572743885,3842.0,0.0,0.0,0.0,0.0,0.0,0.0,0.0,0.0,0.0,0.0,0.0,0.0
Extremo,MD,p75,10671.1468345923,4209.89990234375,775.41269462652,336.452729898138,0.0,1289.33227167436,5.28589643889204,3099.0,3115.0,-5.0,0.0240928257281131,20691.0,0.0,0.0,0.0,0.0,0.0,0.0,0.0,0.0,0.0,0.0,0.0,0.0
Extremo,MD,p90,11133.2468804939,4584.56787109375,938.562210745339,553.247631059685,0.0,1416.16605741182,5.93264739621769,3440.0,3429.0,0.0,0.0329813389251887,24270.0,0.0,0.0,0.0,0.0,0.0,0.0,0.0,0.0,0.0,0.0,0.0,0.0
Extremo,MD,p95,11502.0816955864,4796.52685546875,960.946607737398,565.910020558153,13.0177050975141,1462.04530603859,6.46510504913651,3453.0,3476.0,2.0,0.0371213893072146,25676.0,0.0,0.0,0.0,0.0,0.0,0.0,0.0,0.0,0.0,0.0,0.0,0.0
Extremo,-5 MD,mean,5168.730624626656,2157.6063639322933,188.88438118357053,78.13037854505663,0.0,667.3690551859627,4.383367667294516,2253.8333333333335,2267.5,2.3333333333333335,0.013500905632214205,10804.333333333334,61.26,68.93,32.08,28.1,0.0,65.17,87.41,93.63,93.97,-11.45,94.25,63.16
Extremo,-5 MD,median,4979.670199338,2104.05401611328,185.5680057245315,70.3157636121093,0.0,643.6093111041155,4.357262090199725,2225.0,2237.5,0.5,0.01987243887369345,11173.5,52.57,66.2,31.5,27.37,,57.42,89.35,91.06,91.4,-3.23,141.94,57.83
Extremo,-5 MD,max,6343.46530728313,2713.24389648438,253.094596697593,105.009777574356,0.0,842.320069817813,5.22053030454351,2831.0,2856.0,38.0,0.0352469244366084,12652.0,49.32,48.33,22.57,14.62,0.0,54.83,66.62,75.41,76.14,345.45,74.83,43.62
Extremo,-5 MD,min,4394.90388177615,1744.62976074219,141.842622018924,59.1639869067165,0.0,548.572215916947,3.62521891541754,1733.0,1755.0,-21.0,-0.0339519087864084,8979.0,203.17,249.29,247.82,308.23,,207.41,105.64,355.85,361.86,28.77,124.74,233.71
Extremo,-5 MD,p75,5668.51542203876,2464.9619140625,200.561153352967,98.2412530007578,0.0,707.190740173508,4.84934751885108,2728.0,2735.0,13.0,0.0328838733347152,11543.0,53.12,58.55,25.87,29.2,,54.85,91.74,88.03,87.8,-260.0,136.49,55.79
Extremo,-5 MD,p90,6343.46530728313,2713.24389648438,253.094596697593,105.009777574356,0.0,842.320069817813,5.22053030454351,2831.0,2856.0,38.0,0.0352469244366084,12652.0,56.98,59.18,26.97,18.98,,59.48,88.0,82.3,83.29,,106.87,52.13
Extremo,-5 MD,p95,6343.46530728313,2713.24389648438,253.094596697593,105.009777574356,0.0,842.320069817813,5.22053030454351,2831.0,2856.0,38.0,0.0352469244366084,12652.0,55.15,56.57,26.34,18.56,0.0,57.61,80.75,81.99,82.16,1900.0,94.95,49.28
Extremo,>-5 MD,mean,4471.11914091922,1842.53728027344,124.13565362358229,34.38270239623759,0.0,584.7419848008652,4.841752683361277,1830.8,1840.6,-1.8,0.014535370855821877,9593.6,52.99,58.87,21.08,12.37,0.0,57.1,96.55,76.05,76.28,8.83,101.48,56.08
Extremo,>-5 MD,median,4095.28006603805,1746.30847167969,55.2670682037554,7.90546452629686,0.0,546.954381585145,5.2178746562213,1541.0,1551.0,-4.0,0.0209335879891906,9693.0,43.24,54.94,9.38,3.08,,48.79,107.0,63.07,63.36,25.81,149.52,50.17
Extremo,>-5 MD,max,5441.09356772475,2264.44482421875,276.878309340189,90.5334914742633,0.0,687.036791610649,5.51736547458001,2444.0,2475.0,24.0,0.0342247741014154,11270.0,42.3,40.34,24.7,12.6,0.0,44.73,70.4,65.1,65.98,218.18,72.66,38.85
Extremo,>-5 MD,min,3840.28615824709,1530.83032226563,0.0,0.0,0.0,509.584446160224,3.62510534799863,1426.0,1418.0,-22.0,-0.020513069057953,7575.0,177.53,218.74,0.0,0.0,,192.67,105.64,292.81,292.37,30.14,75.36,197.16
Extremo,>-5 MD,p75,4948.22665163354,2054.92626953125,237.490281356984,73.4745559806278,0.0,646.941698953068,5.27459203569777,2290.0,2303.0,3.0,0.030845165212918,10997.0,46.37,48.81,30.63,21.84,,50.18,99.79,73.89,73.93,-60.0,128.03,53.15
Extremo,>-5 MD,p90,5441.09356772475,2264.44482421875,276.878309340189,90.5334914742633,0.0,687.036791610649,5.51736547458001,2444.0,2475.0,24.0,0.0342247741014154,11270.0,48.87,49.39,29.5,16.36,,48.51,93.0,71.05,72.18,,103.77,46.44
Extremo,>-5 MD,p95,5441.09356772475,2264.44482421875,276.878309340189,90.5334914742633,0.0,687.036791610649,5.51736547458001,2444.0,2475.0,24.0,0.0342247741014154,11270.0,47.31,47.21,28.81,16.0,0.0,46.99,85.34,70.78,71.2,1200.0,92.2,43.89
Extremo,-2 MD,mean,2897.9648255421785,1629.326946756116,53.87320807256997,14.710266185288969,0.20105860464178846,306.965730083352,4.195174931511317,2016.5217391304348,2027.608695652174,3.217391304347826,0.00822648193048353,6467.391304347826,34.34,52.06,9.15,5.29,9.12,29.97,83.65,83.77,84.03,-15.78,57.43,37.81
Extremo,-2 MD,median,2859.758661682145,1612.206787109375,29.7053600571988,0.0,0.0,284.95890546389,4.136853870819715,1973.0,1977.0,2.5,0.005760056245128075,6559.5,30.19,50.72,5.04,0.0,,25.42,84.83,80.74,80.76,-16.13,41.14,33.95
Extremo,-2 MD,max,4500.68765229699,2379.43530273438,216.291225207739,81.267261938934,9.24869581352227,557.024756946143,6.4890698092654,2655.0,2676.0,20.0,0.0755328013021278,9703.0,34.99,42.39,19.29,11.31,22.6,36.26,82.8,70.72,71.34,181.82,160.35,33.45
Extremo,-2 MD,min,1852.10353724247,980.536987304688,0.0,0.0,0.0,151.094805539308,3.17164560610598,1171.0,1183.0,-18.0,-0.039826033402587,4080.0,85.62,140.11,0.0,0.0,,57.13,92.42,240.45,243.92,24.66,146.32,106.19
Extremo,-2 MD,p75,3191.56223588998,1826.59655761719,105.496313546737,21.7797828150804,0.0,355.126250765012,4.41257567267225,2177.0,2186.0,11.0,0.0230082925603973,7189.0,29.91,43.39,13.61,6.47,,27.54,83.48,70.25,70.18,-220.0,95.5,34.74
Extremo,-2 MD,p90,3816.28469084081,2009.14465332031,141.289426054714,52.987244434932,0.0,437.651339358105,5.14769783124378,2572.0,2608.0,15.0,0.0368614184453067,7983.0,34.28,43.82,15.05,9.58,,30.9,86.77,74.77,76.06,,111.76,32.89
Extremo,-2 MD,p95,4136.74253841452,2084.12963867188,160.068187767507,75.5287499171373,0.0,519.66826964072,5.25084588965182,2610.0,2630.0,16.0,0.0509360084159384,8478.0,35.97,43.45,16.66,13.35,0.0,35.54,81.22,75.59,75.66,800.0,137.21,33.02
Extremo,+2 MD,mean,3765.8508707090236,1556.2119029651988,126.88146080161408,48.381886703323495,0.0,496.6367090060361,4.405164115477547,1524.6363636363637,1529.8181818181818,0.18181818181818182,0.011366996365832943,8301.818181818182,44.63,49.72,21.55,17.4,0.0,48.5,87.84,63.34,63.4,-0.89,79.36,48.53
Extremo,+2 MD,median,3873.78138479469,1520.42004394531,91.8816143889884,37.2849078189912,0.0,526.642034850726,4.50821135130394,1502.0,1499.0,5.0,0.00488915849635419,8686.0,40.9,47.84,15.6,14.51,,46.98,92.45,61.47,61.23,-32.26,34.92,44.96
Extremo,+2 MD,max,4649.58699562347,2010.19689941406,350.452446615959,174.201610690816,0.0,690.336901890147,4.99323657466104,2140.0,2142.0,22.0,0.0523896822656655,9972.0,36.15,35.81,31.26,24.25,0.0,44.94,63.71,57.01,57.1,200.0,111.22,34.38
Extremo,+2 MD,min,2773.95246220566,1141.79248046875,21.3667058293425,0.0,0.0,301.144931994506,3.64718032003653,891.0,896.0,-34.0,-0.0280816144033451,5739.0,128.24,163.15,37.33,0.0,,113.86,106.28,182.96,184.74,46.58,103.17,149.38
Extremo,+2 MD,p75,4291.13386079411,1794.34509277344,147.297749985058,61.6582862014795,0.0,555.227996374529,4.70188530431653,1890.0,1904.0,11.0,0.0366044147793529,9288.0,40.21,42.62,19.0,18.33,,43.06,88.95,60.99,61.12,-220.0,151.93,44.89
Extremo,+2 MD,p90,4342.27731175497,1797.70239257813,244.517927923618,103.575868139983,0.0,570.757441110321,4.74493255719592,1954.0,1956.0,14.0,0.0410353490244565,9741.0,39.0,39.21,26.05,18.72,,40.3,79.98,56.8,57.04,,124.42,40.14
Extremo,+2 MD,p95,4649.58699562347,2010.19689941406,350.452446615959,174.201610690816,0.0,690.336901890147,4.99323657466104,2140.0,2142.0,22.0,0.0523896822656655,9972.0,40.42,41.91,36.47,30.78,0.0,47.22,77.23,61.98,61.62,1100.0,141.13,38.84
Extremo,No MD,mean,4372.515635316593,1743.705982863302,253.05188925461246,98.75462785801221,2.287992288224025,504.25753369366413,4.390244995045978,1908.8989898989898,1915.8989898989898,0.5050505050505051,0.007978242656995083,9278.38383838384,51.82,55.71,42.98,35.52,103.81,49.24,87.54,79.3,79.4,-2.48,55.7,54.24
Extremo,No MD,median,4031.43808043864,1625.04248046875,188.53577030644,55.0049550899309,0.0,495.147433774342,4.43274423680724,1900.0,1911.0,1.0,0.00767312337054536,8616.0,42.56,51.13,32.01,21.41,,44.17,90.9,77.76,78.06,-6.45,54.81,44.6
Extremo,No MD,max,10482.0608211303,3918.6279296875,842.24634686894,531.557443648863,39.3993115793046,1348.76081322607,6.88086697399014,3090.0,3117.0,32.0,0.0766600737148918,20294.0,81.49,69.8,75.12,74.0,96.28,87.8,87.8,82.31,83.1,290.91,162.75,69.96
Extremo,No MD,min,1009.92351240732,102.890716552734,0.0,0.0,0.0,55.0983300548699,2.35401511292666,462.0,460.0,-35.0,-0.0491782472689978,2354.0,46.69,14.7,0.0,0.0,,20.83,68.6,94.87,94.85,47.95,180.68,61.27
Extremo,No MD,p75,4957.81415099945,2048.724609375,381.873366140933,137.993136337362,0.0,625.678728975491,4.66628791883537,2193.0,2204.0,9.0,0.0225074289690907,10819.0,46.46,48.66,49.25,41.01,,48.53,88.28,70.76,70.75,-180.0,93.42,52.29
Extremo,No MD,p90,6919.52858280616,2579.45483398438,648.626223286558,250.733087585428,0.0,765.913997355846,5.09935198809563,2506.0,2510.0,13.0,0.0336487225433078,15196.0,62.15,56.26,69.11,45.32,,54.08,85.95,72.85,73.2,,102.02,62.61
Extremo,No MD,p95,8373.12875480109,2966.27685546875,736.877919848284,374.386079483891,20.5890231806099,966.012725762268,5.35804288856911,2740.0,2738.0,18.0,0.0478591544394729,18671.0,72.8,61.84,76.68,66.16,158.16,66.07,82.88,79.35,78.77,900.0,128.93,72.72
Extremo,+1 MD,mean,3325.9816392923544,1565.5425395259158,121.35360476913661,38.78493001367406,0.6137803959856556,364.8318468503584,3.8458451510733718,1543.3333333333333,1548.3333333333333,0.05555555555555555,0.001585831819708362,6915.111111111111,39.42,50.02,20.61,13.95,27.85,35.63,76.69,64.11,64.16,-0.27,11.07,40.42
Extremo,+1 MD,median,3468.447313128785,1719.3146362304701,36.55016195480725,9.422212924679036,0.0,508.11415332240847,4.022626179436645,1737.0,1745.0,1.0,0.008358373251449523,8230.0,36.62,54.09,6.2,3.67,,45.33,82.49,71.09,71.28,-6.45,59.7,42.6
Extremo,+1 MD,max,5055.2979820555,2491.41552734375,474.239239661351,343.045446837817,11.0480471277418,691.749252204994,6.95098899781503,2240.0,2238.0,12.0,0.0277700231883943,11614.0,39.3,44.38,42.3,47.76,27.0,45.03,88.7,59.67,59.66,109.09,58.96,40.04
Extremo,+1 MD,min,1543.8010974620802,373.812896728516,0.0,0.0,0.0,33.405636697151195,1.9821528488337399,581.0,586.0,-23.0,-0.049319943720207905,1771.0,71.37,53.41,0.0,0.0,,12.63,57.76,119.3,120.82,31.51,181.2,46.1
Extremo,+1 MD,p75,4517.43638198673,2033.92626953125,177.488419515593,43.6596732394021,0.0,586.861531198897,4.48641414694514,1986.0,2007.0,6.0,0.0214505587713412,9720.0,42.33,48.31,22.89,12.98,,45.52,84.88,64.09,64.43,-120.0,89.03,46.98
Extremo,+1 MD,p90,4620.34767794966,2158.21704101563,365.060315724835,71.2047287764262,0.0,629.353435494369,4.74143520700009,2088.0,2097.0,7.0,0.0253223221373739,10213.0,41.5,47.08,38.9,12.87,,44.44,79.92,60.7,61.15,,76.78,42.08
Extremo,+1 MD,p95,4851.92920137647,2353.091796875,463.504774083166,117.728143775368,0.0,641.97113903599,4.84790402480247,2211.0,2217.0,10.0,0.0255942684986745,10257.0,42.18,49.06,48.23,20.8,0.0,43.91,74.99,64.03,63.78,500.0,68.95,39.95
Lateral,-3 MD,mean,5357.844488720207,2081.2029829181633,308.6706614760614,124.17509794408997,1.0016199712895542,647.7387073642234,4.5949112174219975,2316.4918032786886,2333.1147540983607,-1.180327868852459,0.0036957333119841183,10210.344262295082,58.48,60.33,63.56,60.79,58.43,61.51,93.63,88.3,88.52,8.64,35.55,59.22
Lateral,-3 MD,median,5563.10013627802,2062.6416015625,328.803404134602,123.82256022757,0.0,656.3471958663,4.61007139999859,2362.0,2368.0,-1.0,0.00212943000714863,9882.0,51.7,53.19,64.77,59.67,,56.01,96.38,75.75,75.58,8.7,32.79,51.05
Lateral,-3 MD,max,6700.18140595201,2840.01733398438,585.400390061775,361.406070025968,21.5224285945952,855.99552448836,5.63509685686642,2821.0,2827.0,24.0,0.101840868631949,15162.0,49.0,42.64,62.93,80.71,55.81,50.64,91.93,75.98,75.71,150.0,122.75,54.39
Lateral,-3 MD,min,3729.89398555606,1477.18505859375,41.738843758682,0.0,0.0,440.498415177523,3.60060187401595,1583.0,1612.0,-25.0,-0.0367445321742738,6862.0,203.97,169.8,237.34,,,202.36,106.85,384.22,381.99,64.1,193.04,
Lateral,-3 MD,p75,5927.89376136677,2288.67504882813,412.16263537952,158.234146251545,0.0,716.991641308823,4.9680932377926,2575.0,2611.0,7.0,0.0127902329678058,11549.0,51.14,54.3,65.4,56.1,,56.38,94.87,79.04,79.87,-140.0,75.36,54.69
Lateral,-3 MD,p90,6275.66761154162,2578.01538085938,482.606950906896,215.422621769522,0.0,753.996828567218,5.12677169909783,2716.0,2737.0,12.0,0.0260307897696327,12298.0,52.43,57.24,64.63,64.81,,52.67,88.62,79.09,79.47,600.0,77.59,49.97
Lateral,-3 MD,p95,6535.22763295329,2667.18969726563,531.363854752225,235.332954632762,11.4917781892465,784.676554245033,5.28692353654791,2770.0,2799.0,20.0,0.0358262340598468,12881.0,54.49,56.96,66.24,65.04,94.47,51.96,89.5,79.69,80.11,400.0,96.47,48.36
Lateral,-4 MD,mean,6205.996696355505,2393.709358059633,381.2316199804155,152.0540211142982,0.7815250257309572,771.0917597402914,4.5639399811663885,2561.8979591836733,2576.2244897959185,-3.857142857142857,0.004384185522728467,11669.551020408164,67.74,69.38,78.5,74.43,45.59,73.22,93.0,97.65,97.74,28.25,42.17,67.68
Lateral,-4 MD,median,6092.04292875983,2361.37451171875,369.794977765799,140.947517915919,0.0,758.071441930911,4.48519356373186,2550.0,2572.0,-4.0,0.00479474778806551,11634.0,56.62,60.89,72.84,67.92,,64.69,93.77,81.78,82.09,34.78,73.82,60.11
Lateral,-4 MD,max,8305.00488474432,3385.91186523438,678.081889604497,344.997337783617,15.6438475676856,1063.54944612491,5.82452012069196,3376.0,3420.0,25.0,0.0348924264463418,15812.0,60.73,50.84,72.89,77.05,40.56,62.92,95.02,90.92,91.59,156.25,42.06,56.72
Lateral,-4 MD,min,3686.9747189621,1555.90197753906,145.423549322475,27.9112516546292,0.0,378.533517705426,4.00920870328192,2113.0,2100.0,-34.0,-0.0537055578581505,7436.0,201.62,178.85,826.93,,,173.89,118.98,512.86,497.63,87.18,282.14,
Lateral,-4 MD,p75,6520.1612271719,2618.24145507813,454.308924742662,186.946459715238,0.0,847.938946955107,4.83062282555834,2703.0,2715.0,5.0,0.0166229694146666,12898.0,56.25,62.12,72.09,66.28,,66.68,92.25,82.97,83.05,-100.0,97.94,61.08
Lateral,-4 MD,p90,7290.54467172621,2984.08447265625,549.671555730742,247.993680630767,0.0,936.978288924062,5.10606901262344,2897.0,2924.0,9.0,0.0249058059677808,13983.0,60.91,66.25,73.61,74.61,,65.45,88.26,84.36,84.9,450.0,74.23,56.81
Lateral,-4 MD,p95,7825.29466147826,3066.3876953125,599.705888972726,314.430345467057,10.8091443118283,992.197527248049,5.25211263435457,3190.0,3201.0,17.0,0.029073111632611,15172.0,65.25,65.48,74.76,86.9,88.86,65.7,88.91,91.77,91.61,340.0,78.29,56.96
Lateral,-1 MD,mean,2972.2937944706714,1370.0025531814774,75.46130303804792,24.02491496483993,0.0,355.2819560264374,4.42050173909952,1767.0481927710844,1776.433734939759,-0.8674698795180723,0.013012836924483937,6158.048192771084,32.44,39.71,15.54,11.76,0.0,33.74,90.08,67.36,67.4,6.35,125.17,35.72
Lateral,-1 MD,median,2922.82050518883,1362.95861816406,65.3826904974675,16.9752841477153,0.0,360.531086048581,4.39850181077767,1651.0,1655.0,-1.0,0.0103185625103406,5989.0,27.17,35.15,12.88,8.18,,30.77,91.96,52.95,52.82,8.7,158.87,30.94
Lateral,-1 MD,max,3918.70848636085,1955.2099609375,381.444471321627,171.432531400685,0.0,480.416765310767,6.41378350631155,2426.0,2438.0,22.0,0.0806547226204086,9158.0,28.66,29.36,41.0,38.29,0.0,28.42,104.63,65.34,65.29,137.5,97.21,32.85
Lateral,-1 MD,min,1993.25848457526,872.666809082031,9.94634878261385,0.0,0.0,186.918903910743,3.13591342482101,1285.0,1296.0,-15.0,-0.0352574708784829,3828.0,109.0,100.31,56.56,,,85.87,93.06,311.89,307.11,38.46,185.23,
Lateral,-1 MD,p75,3337.00230246293,1517.55993652344,99.680198830141,34.5138085933916,0.0,392.608797242045,4.6390109105343,2005.0,1996.0,4.0,0.0312637763608035,6981.0,28.79,36.01,15.82,12.24,,30.87,88.59,61.54,61.06,-80.0,184.2,33.06
Lateral,-1 MD,p90,3490.35314616125,1654.87414550781,124.383881020128,55.2922343184819,0.0,417.86600321476,5.0402317344139,2195.0,2193.0,8.0,0.0435088348759847,7409.0,29.16,36.74,16.66,16.64,,29.19,87.12,63.92,63.68,400.0,129.68,30.1
Lateral,-1 MD,p95,3661.74337421768,1742.57995605469,155.795856673254,71.6137398543829,0.0,454.688195854449,5.22007594932411,2303.0,2329.0,10.0,0.0477485486337186,7804.0,30.53,37.21,19.42,19.79,0.0,30.11,88.37,66.25,66.66,200.0,128.57,29.3
Lateral,MD,mean,9161.120751638851,3449.965740497297,485.6500153902279,204.28327880943215,1.7143550648159385,1053.0990784648568,4.907537931824821,2623.423076923077,2635.769230769231,-13.653846153846153,0.010396394322099909,17242.115384615383,0.0,0.0,0.0,0.0,0.0,0.0,0.0,0.0,0.0,0.0,0.0,0.0
Lateral,MD,median,10759.474624751001,3877.9539794921902,507.68644641309004,207.52069786700451,0.0,1171.83834183841,4.78331646559013,3118.0,3133.0,-11.5,0.00649481393946201,19356.0,0.0,0.0,0.0,0.0,0.0,0.0,0.0,0.0,0.0,0.0,0.0,0.0
Lateral,MD,max,13675.106714061,6660.0205078125,930.309077583875,447.767209756967,38.5671428142927,1690.42339816669,6.12996214367323,3713.0,3734.0,16.0,0.0829656319358053,27876.0,0.0,0.0,0.0,0.0,0.0,0.0,0.0,0.0,0.0,0.0,0.0,0.0
Lateral,MD,min,1828.66078944255,869.938659667969,17.5859928649256,0.0,0.0,217.685734953348,3.36970541663844,412.0,422.0,-39.0,-0.0190348593449999,0.0,0.0,0.0,0.0,0.0,0.0,0.0,0.0,0.0,0.0,0.0,0.0,0.0
Lateral,MD,p75,11590.8127989473,4214.6923828125,630.201536568344,282.075697779342,0.0,1271.65658793272,5.23656992172754,3258.0,3269.0,-5.0,0.0169723286273384,21116.0,0.0,0.0,0.0,0.0,0.0,0.0,0.0,0.0,0.0,0.0,0.0,0.0
Lateral,MD,p90,11970.0553560106,4503.98095703125,746.723538309872,332.371357842688,0.0,1431.6670804065,5.78514720805565,3434.0,3444.0,2.0,0.0335507235205624,24612.0,0.0,0.0,0.0,0.0,0.0,0.0,0.0,0.0,0.0,0.0,0.0,0.0
Lateral,MD,p95,11992.6293179817,4682.83349609375,802.139717741577,361.836341542268,12.1648082951326,1510.09105440505,5.90691893389731,3476.0,3494.0,5.0,0.0371373961543312,26635.0,0.0,0.0,0.0,0.0,0.0,0.0,0.0,0.0,0.0,0.0,0.0,0.0
Lateral,-5 MD,mean,4777.312306799886,2080.3865424262167,191.98908556266153,84.32499526542541,0.0,611.2760073253265,4.490535442347703,2302.1111111111113,2323.8888888888887,1.6666666666666667,0.020779767661882942,9463.666666666666,52.15,60.3,39.53,41.28,0.0,58.05,91.5,87.75,88.17,-12.21,199.87,54.89
Lateral,-5 MD,median,4643.2744279176,1935.26745605469,211.579633934389,88.2460085210482,0.0,611.893778518246,4.30957066139789,2639.0,2673.0,0.0,0.0316536424991007,8929.0,43.16,49.9,41.68,42.52,,52.22,90.1,84.64,85.32,-0.0,487.37,46.13
Lateral,-5 MD,max,6330.84391233756,2697.8427734375,348.616247270041,170.626007891397,0.0,789.280171514816,5.38966331693661,2813.0,2828.0,16.0,0.047925552825551,12186.0,46.29,40.51,37.47,38.11,0.0,46.69,87.92,75.76,75.74,100.0,57.77,43.72
Lateral,-5 MD,min,3972.31492404152,1801.59777832031,61.4057224314109,18.3171907792591,0.0,489.605422569442,4.09570714841387,1678.0,1703.0,-10.0,-0.0117563271305147,7418.0,217.23,207.09,349.17,,,224.91,121.54,407.28,403.55,25.64,61.76,
Lateral,-5 MD,p75,4901.19734673722,2143.70458984375,278.148405330905,125.224939509999,0.0,631.992874617041,4.58894774480802,2780.0,2795.0,6.0,0.0412338086812995,10325.0,42.29,50.86,44.14,44.39,,49.7,87.63,85.33,85.5,-120.0,242.95,48.9
Lateral,-5 MD,p90,4971.48812014293,2497.67114257813,289.055686796771,138.348580451484,0.0,694.727204632867,4.76411193258033,2782.0,2817.0,12.0,0.0429785894483522,10861.0,41.53,55.45,38.71,41.62,,48.53,82.35,81.01,81.79,600.0,128.1,44.13
Lateral,-5 MD,p95,6330.84391233756,2697.8427734375,348.616247270041,170.626007891397,0.0,789.280171514816,5.38966331693661,2813.0,2828.0,16.0,0.047925552825551,12186.0,52.79,57.61,43.46,47.16,0.0,52.27,91.24,80.93,80.94,320.0,129.05,45.75
Lateral,>-5 MD,mean,4195.437658185728,1655.548421223959,102.86303537499023,28.776966846522352,0.0,584.1295249856337,4.5554390669446025,1826.4444444444443,1836.5555555555557,-2.0,-0.00019569468839508575,8256.111111111111,45.8,47.99,21.18,14.09,0.0,55.47,92.83,69.62,69.68,14.65,-1.88,47.88
Lateral,>-5 MD,median,4309.89903091049,1601.01904296875,87.5601366629217,7.78774968341763,0.0,621.048784210052,4.72020629279139,1581.0,1590.0,2.0,-0.00458872245630378,8336.0,40.06,41.29,17.25,3.75,,53.0,98.68,50.71,50.75,-17.39,-70.65,43.07
Lateral,>-5 MD,max,4711.23314717118,2160.4931640625,227.483635136954,91.4840418491238,0.0,689.150805552075,5.67271446081676,2470.0,2494.0,9.0,0.0311154405710027,10216.0,34.45,32.44,24.45,20.43,0.0,40.77,92.54,66.52,66.79,56.25,37.5,36.65
Lateral,>-5 MD,min,2936.0940291019,1343.63525390625,22.1210702903443,0.0,0.0,323.03844977822,3.53367843662048,1283.0,1291.0,-22.0,-0.0262750357146222,5274.0,160.56,154.45,125.79,,,148.4,104.87,311.41,305.92,56.41,138.04,
Lateral,>-5 MD,p75,4513.61065053036,1779.95458984375,132.811605031764,47.8347060709879,0.0,646.624007382227,5.13417927955939,2372.0,2404.0,4.0,0.0126136064532656,9228.0,38.94,42.23,21.07,16.96,,50.85,98.04,72.81,73.54,-80.0,74.32,43.7
Lateral,>-5 MD,p90,4628.63412322546,1785.40576171875,153.874277823442,64.9882579108718,0.0,663.282114165914,5.38530303673311,2378.0,2411.0,4.0,0.0249480254760738,9456.0,38.67,39.64,20.61,19.55,,46.33,93.09,69.25,70.01,200.0,74.36,38.42
Lateral,>-5 MD,p95,4711.23314717118,2160.4931640625,227.483635136954,91.4840418491238,0.0,689.150805552075,5.67271446081676,2470.0,2494.0,9.0,0.0311154405710027,10216.0,39.28,46.14,28.36,25.28,0.0,45.64,96.04,71.06,71.38,180.0,83.78,38.36
Lateral,-2 MD,mean,2665.864289244247,1553.5988104453288,43.46579119318955,15.038561781038746,0.0,257.2071841079349,4.024553521391379,1873.6027397260275,1887.123287671233,2.452054794520548,0.010685096944711876,5615.808219178082,29.1,45.03,8.95,7.36,0.0,24.42,82.01,71.42,71.6,-17.96,102.78,32.57
Lateral,-2 MD,median,2691.76931799353,1597.91394042969,28.6745388750732,0.0,0.0,252.196870641838,4.0086489200893,1876.0,1903.0,3.0,0.0106811682256898,5772.0,25.02,41.21,5.65,0.0,,21.52,83.8,60.17,60.74,-26.09,164.46,29.82
Lateral,-2 MD,max,4681.10402112467,2097.35986328125,185.499907769303,111.009850194965,0.0,520.672749826569,5.89322403186198,2586.0,2570.0,27.0,0.0954268420513843,8313.0,34.23,31.49,19.94,24.79,0.0,30.8,96.14,69.65,68.83,168.75,115.02,29.82
Lateral,-2 MD,min,1197.74665002092,757.908264160156,0.0,0.0,0.0,117.059732693809,2.86817754659588,1195.0,1214.0,-18.0,-0.130717952173843,2571.0,65.5,87.12,0.0,,,53.77,85.12,290.05,287.68,46.15,686.73,
Lateral,-2 MD,p75,3007.17667000493,1756.77172851563,62.270987537379,21.7057137853386,0.0,298.158063668006,4.31679277307658,2051.0,2040.0,7.0,0.0294886141257439,6400.0,25.94,41.68,9.88,7.69,,23.45,82.44,62.95,62.4,-140.0,173.75,30.31
Lateral,-2 MD,p90,3210.42754814354,1873.00769042969,130.946207475842,48.3714035681731,0.0,350.585123921494,4.78534075547549,2169.0,2195.0,10.0,0.0622070724817289,6897.0,26.82,41.59,17.54,14.55,,24.49,82.72,63.16,63.73,500.0,185.41,28.02
Lateral,-2 MD,p95,3474.80354920805,2009.34143066406,157.365853107075,59.5846325830225,0.0,379.57055374085,4.89265583580993,2241.0,2255.0,11.0,0.0737847666675316,7379.0,28.97,42.91,19.62,16.47,0.0,25.14,82.83,64.47,64.54,220.0,198.68,27.7
Lateral,+2 MD,mean,4441.860944745551,1747.9435977027545,201.51616531322227,94.19424195283902,0.43421714620486573,566.14937280809,4.551831959270886,1596.1904761904761,1604.0,0.3333333333333333,0.005546753859541421,9206.0,48.49,50.67,41.49,46.11,25.33,53.76,92.75,60.84,60.86,-2.44,53.35,53.39
Lateral,+2 MD,median,4645.03855362989,1858.16320800781,106.194456242681,40.9152112139897,0.0,598.707426984277,4.6096674069411,1717.0,1714.0,-2.0,0.0056437160088038,9410.0,43.17,47.92,20.92,19.72,,51.09,96.37,55.07,54.71,17.39,86.9,48.62
Lateral,+2 MD,max,5775.85269639932,2111.55737304688,778.84195592383,439.698743661485,9.11856007030218,852.354058050041,5.74592570062439,2059.0,2081.0,30.0,0.0844245111486561,13846.0,42.24,31.7,83.72,98.2,23.64,50.42,93.74,55.45,55.73,187.5,101.76,49.67
Lateral,+2 MD,min,2872.29560473883,1073.50610351563,27.8891204862632,0.0,0.0,306.008794671213,3.3463972816965,810.0,804.0,-22.0,-0.0607428088559738,5939.0,157.07,123.4,158.59,,,140.57,99.31,196.6,190.52,56.41,319.11,
Lateral,+2 MD,p75,4986.18934820228,2017.763671875,176.560257042232,97.5542633173387,0.0,651.918928645013,4.89265984607866,1904.0,1916.0,10.0,0.0181333139644954,10197.0,43.02,47.87,28.02,34.58,,51.27,93.43,58.44,58.61,-200.0,106.84,48.29
Lateral,+2 MD,p90,5446.86413173978,2079.1083984375,643.902939568895,303.926986907689,0.0,709.620988813233,5.15655296857811,1951.0,1955.0,18.0,0.0327575887702555,11278.0,45.5,46.16,86.23,91.44,,49.57,89.13,56.81,56.77,900.0,97.64,45.82
Lateral,+2 MD,p95,5555.17609696596,2099.35034179688,714.902149727012,383.81178357884,0.0,732.069749319019,5.70298807149885,1955.0,1970.0,20.0,0.060394468319427,11705.0,46.32,44.83,89.12,106.07,0.0,48.48,96.55,56.24,56.38,400.0,162.62,43.95
Lateral,No MD,mean,4181.110023630042,1659.9151712072908,225.28131249239897,85.14277952804,0.5031622909868964,484.56461521538006,4.43751386838519,1818.9518072289156,1828.813253012048,0.7289156626506024,0.004084980053669808,8412.234939759037,45.64,48.11,46.39,41.68,29.35,46.01,90.42,69.34,69.38,-5.34,39.29,48.79
Lateral,No MD,median,3940.6272396988197,1613.8225708007799,147.82392657666202,38.59003517337995,0.0,481.336291534623,4.40218220787869,1794.0,1802.0,1.0,0.0031200099970513,7949.5,36.62,41.62,29.12,18.6,,41.08,92.03,57.54,57.52,-8.7,48.04,41.07
Lateral,No MD,max,11756.2194514623,4256.298828125,786.011439385902,444.900174866424,23.4433649337019,1530.52817972368,9.48592170701371,3076.0,3107.0,43.0,0.120036840028703,27711.0,85.97,63.91,84.49,99.36,60.79,90.54,154.75,82.84,83.21,268.75,144.68,99.41
Lateral,No MD,min,965.170902222217,140.11454162597641,0.0,0.0,0.0,34.6319611905401,2.35401511292666,359.0,362.0,-37.0,-0.0795569069962667,1710.0,52.78,16.11,0.0,,,15.91,69.86,87.14,85.78,94.87,417.95,
Lateral,No MD,p75,4751.62029060435,1955.23474121094,374.451683161429,125.080699159837,0.0,608.272123735931,4.74204539550275,2105.0,2116.0,7.0,0.0190777501384109,10199.0,40.99,46.39,59.42,44.34,,47.83,90.56,64.61,64.73,-140.0,112.41,48.3
Lateral,No MD,p90,6734.5023005273,2379.88842773438,543.677972946922,242.325893385339,0.0,785.367879691237,5.19281556409617,2443.0,2476.0,14.0,0.0377458627852456,13316.0,56.26,52.84,72.81,72.91,,54.86,89.76,71.14,71.89,700.0,112.5,54.1
Lateral,No MD,p95,8113.44589622164,2682.8095703125,669.873183978619,299.397407871738,0.0,891.546508857801,5.47558071712653,2619.0,2656.0,20.0,0.0477570355670409,16545.0,67.65,57.29,83.51,82.74,0.0,59.04,92.7,75.35,76.02,400.0,128.6,62.12
Lateral,+1 MD,mean,3857.705610453777,1652.5282910059382,145.35679365177054,54.06133309741225,0.0,498.69536314076674,4.272371642859467,1656.8809523809523,1667.3809523809523,2.5238095238095237,-0.0006519057190509044,8050.547619047619,42.11,47.9,29.93,26.46,0.0,47.36,87.06,63.16,63.26,-18.48,-6.27,46.69
Lateral,+1 MD,median,4137.573271516305,1847.088012695315,103.445370672807,38.434759967915,0.0,614.5548126763725,4.5619064968342755,1815.5,1829.0,0.5,-0.0001652151407841244,8737.5,38.46,47.63,20.38,18.52,,52.44,95.37,58.23,58.38,-4.35,-2.54,45.14
Lateral,+1 MD,max,5452.03579628696,2462.48095703125,523.360843101281,373.340908105789,0.0,797.973974174796,6.47463815782207,2285.0,2295.0,21.0,0.0631423642329978,13366.0,39.87,36.97,56.26,83.38,0.0,47.21,105.62,61.54,61.46,131.25,76.11,47.95
Lateral,+1 MD,min,1512.20188813149,378.88838195800804,0.0,0.0,0.0,26.9633392038958,1.51585435526138,564.0,572.0,-13.0,-0.0747560040749067,1608.0,82.69,43.55,0.0,,,12.39,44.98,136.89,135.55,33.33,392.73,
Lateral,+1 MD,p75,4680.44646070986,1977.99011230469,191.861281940517,72.967692858006,0.0,674.511781648536,4.88649850842929,1953.0,1971.0,6.0,0.0147683243174828,10146.0,40.38,46.93,30.44,25.87,,53.04,93.31,59.94,60.29,-120.0,87.01,48.05
Lateral,+1 MD,p90,5172.94184181806,2092.53979492188,400.434044773416,99.0679977511514,0.0,743.708130566337,5.41849738018281,2070.0,2077.0,14.0,0.0354105422586235,10674.0,43.22,46.46,53.63,29.81,,51.95,93.66,60.28,60.31,700.0,105.54,43.37
Lateral,+1 MD,p95,5243.53028716198,2293.38403320313,424.477046565622,168.655594402978,0.0,749.732429925406,6.07430980311901,2127.0,2124.0,15.0,0.0426787580319658,11648.0,43.72,48.97,52.92,46.61,0.0,49.65,102.83,61.19,60.79,300.0,114.92,43.73
0,-3 MD,mean,5387.857104781272,1890.8799438476576,306.4445842719345,162.66232739489072,3.449540048066475,657.3676083037894,4.998961453661581,2332.5,2337.75,-7.0,0.0061001841106954925,10894.75,,,,,,,,,,,,
0,-3 MD,median,5235.338300754114,1855.825988769535,259.836097501305,115.3971186145925,0.0,654.9124400889225,4.98947590439007,2341.5,2344.5,-6.0,-0.0013397797570337496,11103.0,,,,,,,,,,,,
0,-3 MD,max,7436.75504940941,2254.86865234375,500.14475799687,329.569181493724,13.7981601922659,866.813282095949,5.41791667540869,2395.0,2397.0,10.0,0.0345849587454527,14507.0,,,,,,,,,,,,
0,-3 MD,min,3643.99676820745,1596.99914550781,205.961384088258,90.285890856654,0.0,452.832270941364,4.59897733045749,2252.0,2265.0,-26.0,-0.00750466278860323,6866.0,,,,,,,,,,,,
0,-3 MD,p75,5510.00417866427,1890.88598632813,288.404794841457,118.963832231368,0.0,658.522710311884,5.37007142999758,2391.0,2385.0,-3.0,-0.000360855157414709,11316.0,,,,,,,,,,,,
0,-3 MD,p90,7436.75504940941,2254.86865234375,500.14475799687,329.569181493724,13.7981601922659,866.813282095949,5.41791667540869,2395.0,2397.0,10.0,0.0345849587454527,14507.0,,,,,,,,,,,,
0,-3 MD,p95,7436.75504940941,2254.86865234375,500.14475799687,329.569181493724,13.7981601922659,866.813282095949,5.41791667540869,2395.0,2397.0,10.0,0.0345849587454527,14507.0,,,,,,,,,,,,
0,-4 MD,mean,6528.7306050791,2073.33758544922,201.09802948758852,64.0245871283891,0.0,870.1224401476816,5.1815129484768,2276.0,2303.0,-5.0,-0.005155871618897285,15957.5,,,,,,,,,,,,
0,-4 MD,median,6528.7306050791,2073.33758544922,201.09802948758852,64.0245871283891,0.0,870.1224401476816,5.1815129484768,2276.0,2303.0,-5.0,-0.005155871618897285,15957.5,,,,,,,,,,,,
0,-4 MD,max,7067.32359717355,2172.08227539063,260.071190538309,95.2045867548957,0.0,970.139263977235,5.70851841094819,2395.0,2424.0,-1.0,-0.00107856134969308,17353.0,,,,,,,,,,,,
0,-4 MD,min,5990.13761298465,1974.59289550781,142.124868436868,32.8445875018825,0.0,770.105616318128,4.65450748600541,2157.0,2182.0,-9.0,-0.00923318188810149,14562.0,,,,,,,,,,,,
0,-4 MD,p75,7067.32359717355,2172.08227539063,260.071190538309,95.2045867548957,0.0,970.139263977235,5.70851841094819,2395.0,2424.0,-1.0,-0.00107856134969308,17353.0,,,,,,,,,,,,
0,-4 MD,p90,7067.32359717355,2172.08227539063,260.071190538309,95.2045867548957,0.0,970.139263977235,5.70851841094819,2395.0,2424.0,-1.0,-0.00107856134969308,17353.0,,,,,,,,,,,,
0,-4 MD,p95,7067.32359717355,2172.08227539063,260.071190538309,95.2045867548957,0.0,970.139263977235,5.70851841094819,2395.0,2424.0,-1.0,-0.00107856134969308,17353.0,,,,,,,,,,,,
0,-1 MD,mean,2592.6976677638563,1013.6372680664057,72.32462111382331,34.301733159575,0.0,365.008338636281,4.391269619324723,1515.0,1513.3333333333333,-5.666666666666667,0.001576092436144463,6038.666666666667,,,,,,,,,,,,
0,-1 MD,median,2514.41601680135,988.345886230469,28.9878518507752,0.0,0.0,376.78963863617,4.59027764283948,1634.0,1629.0,2.0,-0.00327931936772119,5353.0,,,,,,,,,,,,
0,-1 MD,max,2862.38757654465,1185.55334472656,163.624979027843,102.905199478725,0.0,404.114671247936,4.63203287335357,1641.0,1643.0,4.0,0.0135477336482485,7823.0,,,,,,,,,,,,
0,-1 MD,min,2401.28940994557,867.012573242188,24.3610324628517,0.0,0.0,314.120706024737,3.95149834178112,1270.0,1268.0,-23.0,-0.00554013697209392,4940.0,,,,,,,,,,,,
0,-1 MD,p75,2862.38757654465,1185.55334472656,163.624979027843,102.905199478725,0.0,404.114671247936,4.63203287335357,1641.0,1643.0,4.0,0.0135477336482485,7823.0,,,,,,,,,,,,
0,-1 MD,p90,2862.38757654465,1185.55334472656,163.624979027843,102.905199478725,0.0,404.114671247936,4.63203287335357,1641.0,1643.0,4.0,0.0135477336482485,7823.0,,,,,,,,,,,,
0,-1 MD,p95,2862.38757654465,1185.55334472656,163.624979027843,102.905199478725,0.0,404.114671247936,4.63203287335357,1641.0,1643.0,4.0,0.0135477336482485,7823.0,,,,,,,,,,,,
0,-2 MD,mean,2920.34468881391,1950.52893066406,0.0,0.0,0.0,348.375824826188,4.57848912612959,2576.0,2569.0,5.0,0.0366443164472005,6165.0,,,,,,,,,,,,
0,-2 MD,median,2920.34468881391,1950.52893066406,0.0,0.0,0.0,348.375824826188,4.57848912612959,2576.0,2569.0,5.0,0.0366443164472005,6165.0,,,,,,,,,,,,
0,-2 MD,max,2920.34468881391,1950.52893066406,0.0,0.0,0.0,348.375824826188,4.57848912612959,2576.0,2569.0,5.0,0.0366443164472005,6165.0,,,,,,,,,,,,
0,-2 MD,min,2920.34468881391,1950.52893066406,0.0,0.0,0.0,348.375824826188,4.57848912612959,2576.0,2569.0,5.0,0.0366443164472005,6165.0,,,,,,,,,,,,
0,-2 MD,p75,2920.34468881391,1950.52893066406,0.0,0.0,0.0,348.375824826188,4.57848912612959,2576.0,2569.0,5.0,0.0366443164472005,6165.0,,,,,,,,,,,,
0,-2 MD,p90,2920.34468881391,1950.52893066406,0.0,0.0,0.0,348.375824826188,4.57848912612959,2576.0,2569.0,5.0,0.0366443164472005,6165.0,,,,,,,,,,,,
0,-2 MD,p95,2920.34468881391,1950.52893066406,0.0,0.0,0.0,348.375824826188,4.57848912612959,2576.0,2569.0,5.0,0.0366443164472005,6165.0,,,,,,,,,,,,
0,+2 MD,mean,4205.00645997555,1848.03527832031,58.6217918968672,24.0973225017476,0.0,550.726067390202,4.71412897762225,1833.0,1838.0,-15.0,0.0197521632906639,8766.0,,,,,,,,,,,,
0,+2 MD,median,4205.00645997555,1848.03527832031,58.6217918968672,24.0973225017476,0.0,550.726067390202,4.71412897762225,1833.0,1838.0,-15.0,0.0197521632906639,8766.0,,,,,,,,,,,,
0,+2 MD,max,4205.00645997555,1848.03527832031,58.6217918968672,24.0973225017476,0.0,550.726067390202,4.71412897762225,1833.0,1838.0,-15.0,0.0197521632906639,8766.0,,,,,,,,,,,,
0,+2 MD,min,4205.00645997555,1848.03527832031,58.6217918968672,24.0973225017476,0.0,550.726067390202,4.71412897762225,1833.0,1838.0,-15.0,0.0197521632906639,8766.0,,,,,,,,,,,,
0,+2 MD,p75,4205.00645997555,1848.03527832031,58.6217918968672,24.0973225017476,0.0,550.726067390202,4.71412897762225,1833.0,1838.0,-15.0,0.0197521632906639,8766.0,,,,,,,,,,,,
0,+2 MD,p90,4205.00645997555,1848.03527832031,58.6217918968672,24.0973225017476,0.0,550.726067390202,4.71412897762225,1833.0,1838.0,-15.0,0.0197521632906639,8766.0,,,,,,,,,,,,
0,+2 MD,p95,4205.00645997555,1848.03527832031,58.6217918968672,24.0973225017476,0.0,550.726067390202,4.71412897762225,1833.0,1838.0,-15.0,0.0197521632906639,8766.0,,,,,,,,,,,,
0,No MD,mean,5544.972458288077,2104.559270685371,242.34859518583104,78.04802457694704,0.0,626.5867288755927,4.440068801403739,2229.6363636363635,2242.6363636363635,2.5454545454545454,-0.0024411028443774956,11681.636363636364,,,,,,,,,,,,
0,No MD,median,3804.67027321446,1570.6103515625,152.531607977676,39.1564732704527,0.0,450.147022811341,4.51833327611288,1915.0,1923.0,6.0,-0.0109040199313831,7711.0,,,,,,,,,,,,
0,No MD,max,12887.7754641423,4154.7216796875,620.524247068873,247.387613096744,0.0,1353.21114582674,5.12092161835846,3553.0,3605.0,18.0,0.0487741141847986,33465.0,,,,,,,,,,,,
0,No MD,min,1694.08334766552,1086.54382324219,12.0922837911748,0.0,0.0,168.427435442972,3.39894362621837,1408.0,1417.0,-22.0,-0.0365497820742553,4210.0,,,,,,,,,,,,
0,No MD,p75,9757.06932232206,3011.51440429688,367.415214243717,123.037420690486,0.0,1047.22114002966,4.74197390605302,2870.0,2870.0,11.0,0.0104020626426563,17822.0,,,,,,,,,,,,
0,No MD,p90,10815.7355354413,3679.09301757813,610.219778214372,188.989850055093,0.0,1160.35525789423,4.84913302867702,3008.0,3014.0,11.0,0.0402423781039828,21393.0,,,,,,,,,,,,
0,No MD,p95,12887.7754641423,4154.7216796875,620.524247068873,247.387613096744,0.0,1353.21114582674,5.12092161835846,3553.0,3605.0,18.0,0.0487741141847986,33465.0,,,,,,,,,,,,
0,+1 MD,mean,4329.952657459075,1613.0410853794642,196.8327558722187,127.4496265070834,10.449185570521186,660.7377446662773,4.961566263491745,1778.2857142857142,1783.5714285714287,-1.5714285714285714,0.017942235309883148,9399.42857142857,,,,,,,,,,,,
0,+1 MD,median,4375.70341014838,1649.232421875,106.259919885837,39.8039335497159,0.0,659.347970783697,4.899583371099,1804.0,1802.0,-2.0,0.0172486483849386,9441.0,,,,,,,,,,,,
0,+1 MD,max,4615.11259329617,1743.37463378906,368.537498358086,294.445710470489,44.4252195569942,751.264715625634,5.40071551797767,1972.0,1973.0,13.0,0.0280105910197172,10754.0,,,,,,,,,,,,
0,+1 MD,min,3894.60813481388,1460.40966796875,80.9928384234973,33.1794858699129,0.0,597.747130718282,4.50856067716875,1579.0,1591.0,-13.0,-0.00131365455552546,8106.0,,,,,,,,,,,,
0,+1 MD,p75,4586.54699651369,1689.44006347656,359.746003037346,271.691603591533,16.0729871705462,733.684295314718,5.13727274808017,1948.0,1961.0,6.0,0.027541326574227,10296.0,,,,,,,,,,,,
0,+1 MD,p90,4586.54699651369,1689.44006347656,359.746003037346,271.691603591533,16.0729871705462,733.684295314718,5.13727274808017,1948.0,1961.0,6.0,0.027541326574227,10296.0,,,,,,,,,,,,
0,+1 MD,p95,4615.11259329617,1743.37463378906,368.537498358086,294.445710470489,44.4252195569942,751.264715625634,5.40071551797767,1972.0,1973.0,13.0,0.0280105910197172,10754.0,,,,,,,,,,,,
Delantero,-3 MD,mean,5437.902802704345,2086.5492721065416,300.8699577905401,119.16798715393219,2.913451610451501,630.7266090332456,4.711751269948001,2265.3548387096776,2280.5,5.887096774193548,0.006038331427011658,9853.58064516129,81.49,81.49,73.91,60.93,96.19,83.76,94.25,118.3,118.56,-3708.87,154.69,85.14
Delantero,-3 MD,median,5598.58029025179,2165.3291015625,284.08919830075945,98.20102849730151,0.0,628.998222722294,4.66145632907698,2291.0,2325.5,4.0,0.006549457593150765,10064.5,84.24,87.65,76.6,54.34,,87.58,95.68,128.06,128.34,-200.0,149.71,89.21
Delantero,-3 MD,max,7738.10553923227,3144.9296875,688.634621428347,444.483097494322,33.3523148420049,1116.86815161737,6.32493694397536,2791.0,2827.0,43.0,0.0427182339688157,17279.0,62.79,63.25,71.86,87.53,86.71,78.04,90.59,78.84,79.57,143.33,50.19,73.45
Delantero,-3 MD,min,2344.5421576741,919.114807128906,20.1621698079825,0.0,0.0,275.494561935774,3.64767676401219,1239.0,1260.0,-19.0,-0.0434446670938541,1359.0,175.85,314.0,33.65,0.0,,153.5,104.65,595.67,600.0,86.36,78.86,213.68
Delantero,-3 MD,p75,6354.59214251952,2336.02099609375,430.272745981969,160.305494534122,0.0,740.046694808458,5.02960008402865,2575.0,2592.0,13.0,0.0218740138739151,11269.0,66.77,65.27,73.67,58.65,,67.15,91.03,97.32,97.44,216.67,120.75,69.48
Delantero,-3 MD,p90,6931.47628908547,2554.49584960938,510.565934315533,243.051008966025,13.534519609588,841.634109770002,5.43458748270165,2671.0,2687.0,29.0,0.0350942092351018,12450.0,61.34,62.24,69.22,62.84,76.59,69.45,89.11,86.89,87.04,170.59,102.98,68.34
Delantero,-3 MD,p95,7141.46484844344,2658.64526367188,569.818326348214,272.807346045513,22.0473785954097,860.371100675335,5.90336692679412,2746.0,2771.0,31.0,0.0388886727299669,13437.0,58.98,59.67,67.66,63.1,110.41,63.95,87.4,83.57,84.58,147.62,100.54,60.99
Delantero,-4 MD,mean,6147.166182678764,2366.6827080909275,361.61414573499746,131.58047487770602,0.6074653867863702,729.6862845845769,4.712894285252907,2532.7872340425533,2545.936170212766,6.595744680851064,0.007278594773931961,11430.191489361701,92.12,92.43,88.84,67.27,20.06,96.91,94.27,132.27,132.36,-4155.32,186.47,98.76
Delantero,-4 MD,median,6284.92178563967,2371.47534179688,386.339031308778,114.516567654742,0.0,725.055849416502,4.65653620083325,2542.0,2547.0,4.0,0.00674710271562589,11415.0,94.57,96.0,104.17,63.36,,100.96,95.58,142.09,140.56,-200.0,154.22,101.18
Delantero,-4 MD,max,7807.76342116597,3407.11645507813,692.994883056493,362.307696743249,15.8609330540797,1100.51374012648,6.10215074937753,3488.0,3522.0,50.0,0.0629405373278171,16615.0,63.35,68.52,72.31,71.35,41.23,76.9,87.4,98.53,99.13,166.67,73.95,70.62
Delantero,-4 MD,min,3328.47441455828,1225.63830566406,75.4506368993917,11.7813500045535,0.0,347.537387688394,3.69749998052916,1793.0,1801.0,-26.0,-0.0480196754133756,3821.0,249.65,418.71,125.93,56.8,,193.64,106.08,862.02,857.62,118.18,87.16,600.79
Delantero,-4 MD,p75,6853.36860593135,2587.9560546875,451.050194564724,181.124111010292,0.0,836.84190753144,4.95550508344364,2728.0,2769.0,15.0,0.0212394141806041,12138.0,72.02,72.31,77.23,66.26,,75.94,89.69,103.1,104.1,250.0,117.25,74.84
Delantero,-4 MD,p90,7107.97115576992,2879.09716796875,504.570473430854,226.041228051995,0.0,919.768043498242,5.30153628852632,2917.0,2903.0,32.0,0.0269648056254346,13228.0,62.9,70.15,68.41,58.44,0.0,75.9,86.93,94.89,94.04,188.24,79.13,72.61
Delantero,-4 MD,p95,7390.25483680357,3039.5712890625,614.535680839136,268.359581210259,0.0,973.936062780696,5.57897301911304,3032.0,3054.0,42.0,0.040626082523648,15771.0,61.03,68.22,72.96,62.07,0.0,72.39,82.6,92.27,93.22,200.0,105.03,71.58
Delantero,-1 MD,mean,3155.323388516037,1425.538942138674,74.56175887801402,26.502032767623763,0.15017546170633733,360.591072777443,4.514007069571017,1718.36,1726.4133333333334,5.32,0.004180238192312792,6118.56,47.28,55.67,18.32,13.55,4.96,47.89,90.29,89.74,89.75,-3351.6,107.09,52.87
Delantero,-1 MD,median,3123.92908934023,1375.35095214844,56.930659291714,16.5360425519211,0.0,357.046922039691,4.54661637795492,1602.0,1609.0,3.0,0.005827896093557996,6057.0,47.01,55.68,15.35,9.15,,49.71,93.32,89.55,88.8,-150.0,133.21,53.69
Delantero,-1 MD,max,4443.07533260405,1910.54907226563,251.920160512045,123.762046233844,11.2631596279753,546.569426718073,6.07316937711505,2354.0,2366.0,38.0,0.052390134577849,9173.0,36.05,38.42,26.29,24.37,29.28,38.19,86.98,66.5,66.59,126.67,61.56,38.99
Delantero,-1 MD,min,827.463840757857,461.60791015625,0.0,0.0,0.0,39.6172280909496,3.52824487068035,787.0,788.0,-16.0,-0.0579765971831057,694.0,62.06,157.7,0.0,0.0,,22.07,101.22,378.37,375.24,72.73,105.24,109.12
Delantero,-1 MD,p75,3609.11989692588,1607.0419921875,104.664260082125,40.6301489274283,0.0,417.74001957732,4.9223988500709,1953.0,1962.0,13.0,0.0235059421863245,7276.0,37.92,44.9,17.92,14.86,,37.91,89.09,73.81,73.76,216.67,129.76,44.86
Delantero,-1 MD,p90,3965.75679946564,1707.90576171875,171.192007127168,74.6565561202004,0.0,492.379690194304,5.1558080886613,2163.0,2183.0,17.0,0.0409865792519479,7971.0,35.1,41.61,23.21,19.3,0.0,40.63,84.54,70.36,70.72,100.0,120.28,43.75
Delantero,-1 MD,p95,4036.55856952764,1762.26599121094,191.787787326945,94.3251499817528,0.0,516.326377849087,5.29327036104219,2228.0,2226.0,26.0,0.0466166094936249,8181.0,33.34,39.55,22.77,21.82,0.0,38.37,78.37,67.8,67.95,123.81,120.52,37.13
Delantero,MD,mean,6673.190670966121,2560.480964781748,407.04860323408775,195.58956904284005,3.0288965226883944,752.9791099986924,4.99921777329586,1914.920634920635,1923.4920634920634,-0.15873015873015872,0.0039034442111057195,11573.587301587302,0.0,0.0,0.0,0.0,0.0,0.0,0.0,0.0,0.0,0.0,0.0,0.0
Delantero,MD,median,6645.76546331834,2470.29125976563,370.886486563418,180.725804359761,0.0,718.19402253639,4.87203289362719,1789.0,1812.0,-2.0,0.00437488910420487,11282.0,0.0,0.0,0.0,0.0,0.0,0.0,0.0,0.0,0.0,0.0,0.0,0.0
Delantero,MD,max,12324.7050250595,4972.30419921875,958.347766072092,507.800434361286,38.4662201384862,1431.1683857403,6.98215049149011,3540.0,3553.0,30.0,0.0851098176020046,23526.0,0.0,0.0,0.0,0.0,0.0,0.0,0.0,0.0,0.0,0.0,0.0,0.0
Delantero,MD,min,1333.23415135498,292.716369628906,59.9146187970578,20.7429016539893,0.0,179.474876112313,3.48563562438946,208.0,210.0,-22.0,-0.055090966729104,636.0,0.0,0.0,0.0,0.0,0.0,0.0,0.0,0.0,0.0,0.0,0.0,0.0
Delantero,MD,p75,9516.47920846451,3579.08813476563,584.023946399132,273.341766627707,0.0,1102.0320677378,5.52525678869048,2646.0,2660.0,6.0,0.0181145870235696,16218.0,0.0,0.0,0.0,0.0,0.0,0.0,0.0,0.0,0.0,0.0,0.0,0.0
Delantero,MD,p90,11299.6011956371,4104.146484375,737.577174703757,386.77699125861,17.6710769346325,1211.81140274451,6.0985857243289,3074.0,3087.0,17.0,0.0340771578030716,18219.0,0.0,0.0,0.0,0.0,0.0,0.0,0.0,0.0,0.0,0.0,0.0,0.0
Delantero,MD,p95,12108.4139602132,4455.8515625,842.240894250118,432.3500841434,19.968715917585,1345.48090816121,6.75448264763612,3286.0,3276.0,21.0,0.0386787550559823,22032.0,0.0,0.0,0.0,0.0,0.0,0.0,0.0,0.0,0.0,0.0,0.0,0.0
Delantero,-5 MD,mean,5333.129954619238,2267.6665954589876,171.6908479662119,64.22520121105714,0.0,649.6311488628584,4.761708233323617,2247.75,2254.125,16.125,-0.00395119973510869,9195.75,79.92,88.56,42.18,32.84,0.0,86.27,95.25,117.38,117.19,-10158.75,-101.22,79.45
Delantero,-5 MD,median,5159.68708957156,2277.035156250005,150.4404739437295,60.7770400534315,0.0,627.0480941721835,4.834585466362565,2163.5,2169.5,20.0,-0.01182737859958099,9634.0,77.64,92.18,40.56,33.63,,87.31,99.23,120.93,119.73,-1000.0,-270.35,85.39
Delantero,-5 MD,max,6862.36987492007,3188.60620117188,344.026949662449,110.829304905061,0.0,922.349238733443,5.44840039503494,3121.0,3122.0,48.0,0.0396001095944687,13226.0,55.68,64.13,35.9,21.83,0.0,64.45,78.03,88.16,87.87,160.0,46.53,56.22
Delantero,-5 MD,min,4099.0679632668,1384.30102539063,60.4346754066194,14.4231078820772,0.0,480.030839941971,3.65375007192294,1272.0,1280.0,-18.0,-0.0332185284160878,1468.0,307.45,472.92,100.87,69.53,,267.46,104.82,611.54,609.52,81.82,60.3,230.82
Delantero,-5 MD,p75,5818.63224089338,2598.89990234375,225.519034723721,102.43367214014,0.0,684.980311983011,5.1109218125793,2886.0,2881.0,25.0,0.00330335075079096,10187.0,61.14,72.61,38.61,37.47,,62.16,92.5,109.07,108.31,416.67,18.24,62.81
Delantero,-5 MD,p90,6679.82086027203,2717.32495117188,259.7377149917,103.007993728081,0.0,767.710624705727,5.41801353013427,3079.0,3074.0,33.0,0.0298066636145175,12709.0,59.12,66.21,35.21,26.63,0.0,63.35,88.84,100.16,99.58,194.12,87.47,69.76
Delantero,-5 MD,p95,6862.36987492007,3188.60620117188,344.026949662449,110.829304905061,0.0,922.349238733443,5.44840039503494,3121.0,3122.0,48.0,0.0396001095944687,13226.0,56.67,71.56,40.85,25.63,0.0,68.55,80.66,94.98,95.3,228.57,102.38,60.03
Delantero,>-5 MD,mean,4272.927644834188,1766.0511881510445,124.98460304307567,40.337001273053176,0.0,536.080582581336,4.43489247777636,1894.888888888889,1908.3333333333333,3.6666666666666665,0.013881431533627746,7953.0,64.03,68.97,30.71,20.62,0.0,71.19,88.71,98.95,99.21,-2310.0,355.62,68.72
Delantero,>-5 MD,median,4203.71113607728,1628.08605957031,105.404045075881,25.7123069510314,0.0,539.372221018871,4.31292091756558,2163.0,2205.0,0.0,0.0172852503891857,7967.0,63.25,65.91,28.42,14.23,,75.1,88.52,120.91,121.69,-0.0,395.1,70.62
Delantero,>-5 MD,max,5686.60753231872,2452.28198242188,211.813926804552,88.0142082874852,0.0,714.819012644004,4.9836236755254,2466.0,2488.0,42.0,0.0516135557160476,10409.0,46.14,49.32,22.1,17.33,0.0,49.95,71.38,69.66,70.03,140.0,60.64,44.24
Delantero,>-5 MD,min,2435.35673514885,1147.89819335938,50.0308440844046,15.6316073966847,0.0,329.217636702089,3.90077445292313,1353.0,1364.0,-18.0,-0.0189851537336601,5241.0,182.67,392.15,83.5,75.36,,183.43,111.91,650.48,649.52,81.82,34.46,824.06
Delantero,>-5 MD,p75,4507.20725045698,1996.99450683594,156.3334816334,62.2225663013232,0.0,586.2904937934,4.94134266669501,2293.0,2322.0,5.0,0.0265926729237059,8762.0,47.36,55.8,26.77,22.76,,53.2,89.43,86.66,87.29,83.33,146.8,54.03
Delantero,>-5 MD,p90,5255.16152749762,2216.06567382813,211.209377963339,80.2503657026473,0.0,599.898117826783,4.95359428728671,2325.0,2339.0,27.0,0.0277116157285097,8902.0,46.51,54.0,28.64,20.75,0.0,49.5,81.23,75.63,75.77,158.82,81.32,48.86
Delantero,>-5 MD,p95,5686.60753231872,2452.28198242188,211.813926804552,88.0142082874852,0.0,714.819012644004,4.9836236755254,2466.0,2488.0,42.0,0.0516135557160476,10409.0,46.96,55.04,25.15,20.36,0.0,53.13,73.78,75.05,75.95,200.0,133.44,47.24
Delantero,-2 MD,mean,3055.251882822254,1732.0428412942338,54.75174096369218,18.784035527206996,0.0,310.6955168934176,4.311655953498459,2044.0735294117646,2058.676470588235,6.602941176470588,0.005513040661331411,6131.5,45.78,67.65,13.45,9.6,0.0,41.26,86.25,106.74,107.03,-4159.85,141.24,52.98
Delantero,-2 MD,median,3006.43562461596,1666.421142578125,38.7537465572119,9.87624668034912,0.0,296.7735332082355,4.339029835631155,2011.5,2024.5,5.5,0.0011091193078256586,6144.0,45.24,67.46,10.45,5.46,,41.32,89.06,112.44,111.73,-275.0,25.35,54.46
Delantero,-2 MD,max,5269.128743581,2719.06323242188,220.912779284548,88.7671462505726,0.0,649.479256658258,5.4901936702957,2653.0,2669.0,40.0,0.104640466934005,10498.0,42.75,54.68,23.05,17.48,0.0,45.38,78.63,74.94,75.12,133.33,122.95,44.62
Delantero,-2 MD,min,1615.82946255861,955.577270507813,0.0,0.0,0.0,122.000576742235,2.69569455975235,1095.0,1110.0,-16.0,-0.0573115446844535,679.0,121.2,326.45,0.0,0.0,,67.98,77.34,526.44,528.57,72.73,104.03,106.76
Delantero,-2 MD,p75,3444.68310916009,1918.41931152344,72.5557606726231,27.6959963776391,0.0,355.373581172897,4.74457065088782,2390.0,2408.0,12.0,0.0265312979978164,6867.0,36.2,53.6,12.42,10.13,,32.25,85.87,90.33,90.53,200.0,146.46,42.34
Delantero,-2 MD,p90,3987.89093560396,2153.86157226563,126.530567271043,60.3731189550496,0.0,444.874106465643,5.07428863383704,2540.0,2570.0,23.0,0.0426853615225254,7930.0,35.29,52.48,17.15,15.61,0.0,36.71,83.2,82.63,83.25,135.29,125.26,43.53
Delantero,-2 MD,p95,4443.50985517975,2287.04150390625,178.18536025445,75.5954829123257,0.0,486.562319254972,5.39694851697093,2624.0,2634.0,27.0,0.0573155162599029,8626.0,36.7,51.33,21.16,17.48,0.0,36.16,79.9,79.85,80.4,128.57,148.18,39.15
Delantero,+2 MD,mean,4461.191195631297,1802.665727095172,152.30491877972835,63.15569987890867,0.6075737735467318,554.3963107132948,4.410396182717474,1661.2272727272727,1663.909090909091,7.590909090909091,0.0063093862267590145,8642.09090909091,66.85,70.4,37.42,32.29,20.06,73.63,88.22,86.75,86.5,-4782.27,161.64,74.67
Delantero,+2 MD,median,4473.861291004205,1883.77185058594,112.13328927123601,32.7237373342075,0.0,552.8988216911359,4.4266033600325905,1656.5,1650.0,5.0,0.00871436416515552,9065.5,67.32,76.26,30.23,18.11,,76.98,90.86,92.59,91.06,-250.0,199.19,80.35
Delantero,+2 MD,max,5801.30708823342,2233.7626953125,626.164338184975,364.007998072111,13.3666230180281,741.599792185758,5.24913712809182,2510.0,2520.0,36.0,0.050856053903301,11127.0,47.07,44.92,65.34,71.68,34.75,51.82,75.18,70.9,70.93,120.0,59.75,47.3
Delantero,+2 MD,min,2836.04925675117,1100.54418945313,0.0,0.0,0.0,287.92898937016,3.4561238360124,839.0,827.0,-23.0,-0.0480555822033268,3688.0,212.72,375.98,0.0,0.0,,160.43,99.15,403.37,393.81,104.55,87.23,579.87
Delantero,+2 MD,p75,5061.74580247729,1989.85595703125,168.909699254015,86.2760216581045,0.0,644.278752993122,5.01209578442353,1872.0,1856.0,19.0,0.0222054496950832,9772.0,53.19,55.6,28.92,31.56,,58.46,90.71,70.75,69.77,316.67,122.58,60.25
Delantero,+2 MD,p90,5171.49964725004,2123.32739257813,239.242843446753,148.778639261237,0.0,688.131886021236,5.06827445644321,2117.0,2119.0,28.0,0.0348299701158946,9836.0,45.77,51.74,32.44,38.47,0.0,56.79,83.11,68.87,68.64,164.71,102.21,53.99
Delantero,+2 MD,p95,5374.68691783245,2143.75048828125,596.054335083114,152.960888229837,0.0,702.858687200431,5.20180943864163,2249.0,2268.0,29.0,0.0350721499066826,10440.0,44.39,48.11,70.77,35.38,0.0,52.24,77.01,68.44,69.23,138.1,90.68,47.39
Delantero,No MD,mean,4150.005221295532,1696.8296561657553,174.65331530343337,57.7733690360516,2.0872781528361344,441.89171662036233,4.286843055335668,1848.4788732394366,1857.4295774647887,3.091549295774648,0.00978922918965208,8104.760563380281,62.19,66.27,42.91,29.54,68.91,58.69,85.75,96.53,96.57,-1947.68,250.78,70.03
Delantero,No MD,median,4062.41145508332,1602.99322509766,108.18120444483151,24.034045409955652,0.0,440.0910781191145,4.32640355770235,1818.5,1830.5,2.0,0.010000786185846374,7786.5,61.13,64.89,29.17,13.3,,61.28,88.8,101.65,101.02,-100.0,228.6,69.02
Delantero,No MD,max,11941.2595076053,3834.09887695313,818.491295784577,388.976459755974,52.5810741335168,1473.59995078424,6.55212983840244,2996.0,3018.0,35.0,0.0759650863172792,21251.0,96.89,77.11,85.41,76.6,136.69,102.96,93.84,84.63,84.94,116.67,89.26,90.33
Delantero,No MD,min,0.0,0.0,0.0,0.0,0.0,0.0,0.0,0.0,0.0,-32.0,-0.0564708469864747,1070.0,0.0,0.0,0.0,0.0,,0.0,0.0,0.0,0.0,145.45,102.5,168.24
Delantero,No MD,p75,4690.82963879999,2009.36499023438,239.899306733642,88.6714831987777,0.0,558.622833555695,4.74657411727842,2146.0,2153.0,10.0,0.0261324096905802,9289.0,49.29,56.14,41.08,32.44,,50.69,85.91,81.1,80.94,166.67,144.26,57.28
Delantero,No MD,p90,6475.97586958838,2377.02319335938,453.945812917641,169.253808866992,0.0,691.600113970192,5.05451197475698,2467.0,2480.0,16.0,0.042189598849278,12664.0,57.31,57.92,61.55,43.76,0.0,57.07,82.88,80.25,80.34,94.12,123.81,69.51
Delantero,No MD,p95,7640.04277615366,2920.16430664063,569.343461992913,223.194521087241,18.0602222665286,783.031805254871,5.21551363947817,2612.0,2630.0,25.0,0.0538647829474039,14841.0,63.1,65.54,67.6,51.62,90.44,58.2,77.22,79.49,80.28,119.05,139.26,67.36
Delantero,+1 MD,mean,3807.111460654334,1577.6867546081558,164.38656482508682,56.10497486790213,0.5402469379632,478.7332758877502,4.387682631698061,1620.55,1628.95,6.425,0.008368455390445697,8025.05,57.05,61.62,40.38,28.69,17.84,63.58,87.77,84.63,84.69,-4047.75,214.39,69.34
Delantero,+1 MD,median,4028.3657827288152,1749.380981445315,98.6706310868004,40.02185053014826,0.0,486.9613251349035,4.59524822769443,1781.0,1779.5,2.0,0.00677165289941868,8375.0,60.62,70.82,26.6,22.15,,67.8,94.32,99.55,98.21,-100.0,154.78,74.23
Delantero,+1 MD,max,5716.24570473396,2433.93994140625,634.719119103678,396.773984384981,11.2193598097155,911.759484295498,5.88903600908188,2294.0,2317.0,46.0,0.054758082145047,13504.0,46.38,48.95,66.23,78.14,29.17,63.71,84.34,64.8,65.21,153.33,64.34,57.4
Delantero,+1 MD,min,1526.51741965344,378.88838195800804,0.0,0.0,0.0,33.405636697151195,1.9821528488337399,581.0,586.0,-14.0,-0.0293946251622509,3123.0,114.5,129.44,0.0,0.0,,18.61,56.87,279.33,279.05,63.64,53.36,491.04
Delantero,+1 MD,p75,4793.08140454961,2035.77331542969,187.215346876717,61.7459064939804,0.0,674.008643498392,5.04545454274524,1997.0,2004.0,11.0,0.0212446202286873,9886.0,50.37,56.88,32.06,22.59,,61.16,91.32,75.47,75.34,183.33,117.28,60.96
Delantero,+1 MD,p90,5172.68964781931,2193.72875976563,437.70577441655,93.0722046472298,0.0,756.632367845608,5.32400263228802,2079.0,2072.0,20.0,0.0305146775260379,10968.0,45.78,53.45,59.34,24.06,0.0,62.44,87.3,67.63,67.12,117.65,89.55,60.2
Delantero,+1 MD,p95,5354.37623255461,2300.14208984375,496.374740185893,225.246713965269,0.0,799.618445417668,5.42655301314814,2156.0,2175.0,23.0,0.031478675509833,12090.0,44.22,51.62,58.94,52.1,0.0,59.43,80.34,65.61,66.39,109.52,81.38,54.87
Mediocentro,-4 MD,mean,6705.09961866498,2185.25317382813,158.764510906694,38.2164337655503,0.0,893.764769068995,4.02239466054674,2117.0,2138.0,17.0,-0.0165618932332915,14375.0,,,,,,,,,,,,
Mediocentro,-4 MD,median,6705.09961866498,2185.25317382813,158.764510906694,38.2164337655503,0.0,893.764769068995,4.02239466054674,2117.0,2138.0,17.0,-0.0165618932332915,14375.0,,,,,,,,,,,,
Mediocentro,-4 MD,max,6705.09961866498,2185.25317382813,158.764510906694,38.2164337655503,0.0,893.764769068995,4.02239466054674,2117.0,2138.0,17.0,-0.0165618932332915,14375.0,,,,,,,,,,,,
Mediocentro,-4 MD,min,6705.09961866498,2185.25317382813,158.764510906694,38.2164337655503,0.0,893.764769068995,4.02239466054674,2117.0,2138.0,17.0,-0.0165618932332915,14375.0,,,,,,,,,,,,
Mediocentro,-4 MD,p75,6705.09961866498,2185.25317382813,158.764510906694,38.2164337655503,0.0,893.764769068995,4.02239466054674,2117.0,2138.0,17.0,-0.0165618932332915,14375.0,,,,,,,,,,,,
Mediocentro,-4 MD,p90,6705.09961866498,2185.25317382813,158.764510906694,38.2164337655503,0.0,893.764769068995,4.02239466054674,2117.0,2138.0,17.0,-0.0165618932332915,14375.0,,,,,,,,,,,,
Mediocentro,-4 MD,p95,6705.09961866498,2185.25317382813,158.764510906694,38.2164337655503,0.0,893.764769068995,4.02239466054674,2117.0,2138.0,17.0,-0.0165618932332915,14375.0,,,,,,,,,,,,
Mediocentro,-1 MD,mean,2088.29619033781,866.8486328125,93.7152498336239,61.6466916795024,0.0,299.20777920586,4.58124990264575,1670.0,1698.0,0.0,0.0098058155052212,5769.0,,,,,,,,,,,,
Mediocentro,-1 MD,median,2088.29619033781,866.8486328125,93.7152498336239,61.6466916795024,0.0,299.20777920586,4.58124990264575,1670.0,1698.0,0.0,0.0098058155052212,5769.0,,,,,,,,,,,,
Mediocentro,-1 MD,max,2088.29619033781,866.8486328125,93.7152498336239,61.6466916795024,0.0,299.20777920586,4.58124990264575,1670.0,1698.0,0.0,0.0098058155052212,5769.0,,,,,,,,,,,,
Mediocentro,-1 MD,min,2088.29619033781,866.8486328125,93.7152498336239,61.6466916795024,0.0,299.20777920586,4.58124990264575,1670.0,1698.0,0.0,0.0098058155052212,5769.0,,,,,,,,,,,,
Mediocentro,-1 MD,p75,2088.29619033781,866.8486328125,93.7152498336239,61.6466916795024,0.0,299.20777920586,4.58124990264575,1670.0,1698.0,0.0,0.0098058155052212,5769.0,,,,,,,,,,,,
Mediocentro,-1 MD,p90,2088.29619033781,866.8486328125,93.7152498336239,61.6466916795024,0.0,299.20777920586,4.58124990264575,1670.0,1698.0,0.0,0.0098058155052212,5769.0,,,,,,,,,,,,
Mediocentro,-1 MD,p95,2088.29619033781,866.8486328125,93.7152498336239,61.6466916795024,0.0,299.20777920586,4.58124990264575,1670.0,1698.0,0.0,0.0098058155052212,5769.0,,,,,,,,,,,,
Mediocentro,+1 MD,mean,3990.8873264544354,1504.940063476565,78.1412902829356,26.1337955177129,0.0,533.9211772673285,5.0857744032285055,1797.5,1799.5,10.0,0.00308848904440325,8888.5,,,,,,,,,,,,
Mediocentro,+1 MD,median,3990.8873264544354,1504.940063476565,78.1412902829356,26.1337955177129,0.0,533.9211772673285,5.0857744032285055,1797.5,1799.5,10.0,0.00308848904440325,8888.5,,,,,,,,,,,,
Mediocentro,+1 MD,max,4549.80698986515,1524.1416015625,140.764014762424,52.2675910354258,0.0,665.535148039476,5.26185168712227,1816.0,1815.0,15.0,0.016268212402161,9296.0,,,,,,,,,,,,
Mediocentro,+1 MD,min,3431.96766304372,1485.73852539063,15.5185658034472,0.0,0.0,402.307206495181,4.90969711933474,1779.0,1784.0,5.0,-0.0100912343133545,8481.0,,,,,,,,,,,,
Mediocentro,+1 MD,p75,4549.80698986515,1524.1416015625,140.764014762424,52.2675910354258,0.0,665.535148039476,5.26185168712227,1816.0,1815.0,15.0,0.016268212402161,9296.0,,,,,,,,,,,,
Mediocentro,+1 MD,p90,4549.80698986515,1524.1416015625,140.764014762424,52.2675910354258,0.0,665.535148039476,5.26185168712227,1816.0,1815.0,15.0,0.016268212402161,9296.0,,,,,,,,,,,,
Mediocentro,+1 MD,p95,4549.80698986515,1524.1416015625,140.764014762424,52.2675910354258,0.0,665.535148039476,5.26185168712227,1816.0,1815.0,15.0,0.016268212402161,9296.0,,,,,,,,,,,,
Central,-3 MD,mean,5098.242401267637,1944.0550333658878,219.03138930800293,86.92292243262764,2.1892433806734144,596.5302830661667,4.600490622471196,2241.16,2257.346666666667,5.413333333333333,-0.002177272276664717,10118.8,52.58,52.25,60.81,59.49,53.72,53.84,94.13,79.69,79.87,-135.33,52.5,50.08
Central,-3 MD,median,5213.46557986251,2011.03015136719,194.951075276022,78.6476693331831,0.0,616.549577000708,4.50269785794345,2263.0,2290.0,5.0,-0.00380448695636319,10409.0,49.13,51.2,54.16,63.98,,51.95,94.67,71.28,71.65,-100.0,77.14,50.68
Central,-3 MD,max,7103.8204441222,2582.53247070313,661.628090460207,462.716025864778,39.2493396597245,851.320601821361,6.24664132793745,2861.0,2890.0,40.0,0.0733099844362283,15095.0,55.29,41.96,87.06,103.94,68.2,47.22,95.0,82.0,82.08,129.03,240.36,49.44
Central,-3 MD,min,1427.29063724439,478.823059082031,7.75503253240246,0.0,0.0,154.236283461861,3.51287887002081,565.0,564.0,-25.0,-0.0354275650493664,2013.0,82.83,82.17,52.5,,,62.65,115.4,117.95,115.34,64.1,67.65,54.95
Central,-3 MD,p75,5848.61600911573,2171.53295898438,314.543150876832,120.262222054846,0.0,665.026407386327,5.03353122910265,2428.0,2441.0,10.0,0.00885213938613108,11701.0,51.79,49.98,65.95,62.1,,50.32,96.07,72.26,72.52,250.0,164.16,48.84
Central,-3 MD,p90,6075.09329899705,2335.0498046875,394.370574973099,183.011614976266,12.3574357613156,715.477485555238,5.74236953800375,2712.0,2706.0,20.0,0.0253068871855301,13005.0,50.99,50.48,62.79,64.43,64.66,50.81,96.26,79.3,78.85,166.67,223.06,48.84
Central,-3 MD,p95,6196.38183039631,2393.47094726563,446.70971262623,200.193756288552,16.7151481909439,753.161724101408,5.80593422108553,2747.0,2731.0,24.0,0.0350962389167655,13907.0,51.54,47.3,62.93,67.99,56.7,53.31,90.46,79.3,78.73,160.0,227.37,51.25
Central,-4 MD,mean,5981.409435494232,2260.000364242064,301.6899058642793,106.91638640858292,1.301554664901041,709.4142737334394,4.498103145863795,2532.435483870968,2546.951612903226,5.741935483870968,-0.004727880967541282,12223.693548387097,61.69,60.74,83.76,73.17,31.94,64.02,92.03,90.04,90.12,-143.55,114.0,60.49
Central,-4 MD,median,5985.787504458125,2214.701171875,291.847687150156,92.67196541245325,0.0,703.140524419524,4.4430409034444445,2558.0,2584.0,5.5,-0.006946855365994435,12273.0,56.41,56.39,81.07,75.39,,59.25,93.41,80.57,80.85,-110.0,140.86,59.75
Central,-4 MD,max,7631.25108741433,2929.55102539063,641.663335585265,341.058450110385,38.3699690612586,1016.1552429393,5.75189381185606,3393.0,3394.0,35.0,0.0490974795990452,17628.0,59.4,47.59,84.43,76.61,66.67,56.36,87.47,97.25,96.39,112.9,160.98,57.73
Central,-4 MD,min,4151.87664442927,1803.85778808594,84.880407450569,0.0,0.0,410.295142528986,3.54709173292424,1988.0,1987.0,-29.0,-0.0528140616696114,3715.0,240.95,309.55,574.64,,,166.65,116.52,415.03,406.34,74.36,100.85,101.42
Central,-4 MD,p75,6397.26196113358,2457.87719726563,409.892976001724,142.431563492515,0.0,792.624869866229,4.80720960080423,2719.0,2723.0,15.0,0.00574898820123661,13638.0,56.65,56.57,85.94,73.55,,59.98,91.75,80.92,80.9,375.0,106.61,56.93
Central,-4 MD,p90,7065.32019861499,2620.8984375,472.398480741781,213.036677873155,0.0,861.112006877955,5.27791680147249,2820.0,2845.0,22.0,0.0193203506227882,15107.0,59.3,56.66,75.21,75.0,0.0,61.15,88.48,82.46,82.9,183.33,170.29,56.74
Central,-4 MD,p95,7166.52303736323,2864.21044921875,488.508786593356,239.233885298726,8.13613593302403,919.644180332357,5.40633419998967,2896.0,2907.0,23.0,0.0203674128856391,16013.0,59.61,56.6,68.81,81.24,27.6,65.1,84.23,83.6,83.8,153.33,131.95,59.02
Central,-1 MD,mean,2918.761090071102,1339.3489192326876,54.7031239989122,16.595054761600764,0.12487076114993229,339.4576902271874,4.248361775658761,1745.46875,1756.8854166666667,4.270833333333333,-0.004764524797393414,6227.010416666667,30.1,36.0,15.19,11.36,3.06,30.64,86.92,62.06,62.17,-106.77,114.89,30.82
Central,-1 MD,median,2841.27913663815,1338.3645629882799,46.6100490808532,12.0026089790383,0.0,331.7345310511215,4.258760543985394,1643.0,1649.0,4.0,-0.007811592056772411,6086.0,26.78,34.08,12.95,9.76,,27.95,89.54,51.75,51.6,-80.0,158.4,29.63
Central,-1 MD,max,4203.30825880689,1724.82287597656,196.392851979555,79.9810006724937,11.9875930703935,585.305373319533,5.41236958921156,2431.0,2435.0,22.0,0.0611700386941434,10912.0,32.72,28.02,25.84,17.97,20.83,32.46,82.31,69.68,69.16,70.97,200.56,35.74
Central,-1 MD,min,1583.07995812224,887.330017089844,0.0,0.0,0.0,20.8198586925494,0.0,996.0,996.0,-13.0,-0.0563126135648535,0.0,91.87,152.27,0.0,,,8.46,0.0,207.93,203.68,33.33,107.53,0.0
Central,-1 MD,p75,3280.1015040667,1463.12780761719,80.9079301835274,27.0802828793851,0.0,385.868169961498,4.53961306900688,1964.0,1991.0,9.0,0.00807536587658768,6983.0,29.04,33.68,16.96,13.98,,29.2,86.64,58.45,59.15,225.0,149.76,29.15
Central,-1 MD,p90,3598.45807350158,1573.58190917969,110.203032344563,39.9899755837632,0.0,407.425251774619,4.94808516041799,2187.0,2202.0,14.0,0.0317420054453416,8063.0,30.2,34.02,17.55,14.08,0.0,28.93,82.95,63.95,64.16,116.67,279.78,30.28
Central,-1 MD,p95,3670.6969428575,1633.16333007813,117.106480665996,51.245641250291,0.0,427.520416680949,5.19804298501424,2302.0,2300.0,15.0,0.037934064676201,8556.0,30.53,32.27,16.5,17.4,0.0,30.26,80.99,66.45,66.3,100.0,245.75,31.53
Central,MD,mean,9695.317577064834,3720.550994318183,360.172630586978,146.12299211306942,4.075184315520559,1108.0351766402925,4.887454543201146,2812.4363636363637,2826.163636363636,-4.0,-0.004147117431742518,20207.0,0.0,0.0,0.0,0.0,0.0,0.0,0.0,0.0,0.0,0.0,0.0,0.0
Central,MD,median,10610.639348666,3927.54077148438,359.980813827629,122.925302786905,0.0,1186.71544184984,4.75638880742469,3175.0,3196.0,-5.0,-0.00493169418359589,20540.0,0.0,0.0,0.0,0.0,0.0,0.0,0.0,0.0,0.0,0.0,0.0,0.0
Central,MD,max,12847.9885068689,6155.25341796875,759.985915374651,445.188590786294,57.5525148200622,1802.93007076233,6.57566077380069,3489.0,3521.0,31.0,0.030499839517075,30535.0,0.0,0.0,0.0,0.0,0.0,0.0,0.0,0.0,0.0,0.0,0.0,0.0
Central,MD,min,1723.1565997704,582.7353515625,14.7710867387474,0.0,0.0,246.204294635627,3.04412873305054,479.0,489.0,-39.0,-0.052366915424483,3663.0,0.0,0.0,0.0,0.0,0.0,0.0,0.0,0.0,0.0,0.0,0.0,0.0
Central,MD,p75,11293.4678580159,4344.5126953125,476.933807796919,193.661219260529,0.0,1321.56292310443,5.23954138009235,3360.0,3366.0,4.0,0.00539234798085889,23957.0,0.0,0.0,0.0,0.0,0.0,0.0,0.0,0.0,0.0,0.0,0.0,0.0
Central,MD,p90,11915.3445558019,4625.38427734375,628.099477271768,284.031386405745,19.1126284625053,1408.2301211868,5.96523562264362,3420.0,3432.0,12.0,0.0113452395651893,26626.0,0.0,0.0,0.0,0.0,0.0,0.0,0.0,0.0,0.0,0.0,0.0,0.0
Central,MD,p95,12022.6997379315,5060.34765625,709.888551458109,294.463215844548,29.4810915411599,1412.72921808506,6.41820307657976,3464.0,3469.0,15.0,0.0154358256716415,27133.0,0.0,0.0,0.0,0.0,0.0,0.0,0.0,0.0,0.0,0.0,0.0,0.0
Central,-5 MD,mean,4781.419948256821,2066.6067810058607,85.92445268897866,22.940072870779705,0.0,567.0887073070786,4.236654371763221,2256.9166666666665,2269.3333333333335,8.333333333333334,-0.008477104205604711,9732.916666666666,49.32,55.55,23.86,15.7,0.0,51.18,86.68,80.25,80.3,-208.33,204.41,48.17
Central,-5 MD,median,4641.607315753379,2033.5263061523451,78.9288715648257,22.66087554692605,0.0,560.562769756277,4.308415527897645,2195.0,2207.0,10.0,-0.0121996304415979,10145.0,43.74,51.78,21.93,18.43,,47.24,90.58,69.13,69.06,-200.0,247.37,49.39
Central,-5 MD,max,6241.69393218829,2890.25317382813,237.643594639916,50.5959976221153,0.0,679.131651909556,4.81480632817705,2858.0,2877.0,34.0,0.0274114018922846,13895.0,48.58,46.96,31.27,11.37,0.0,37.67,73.22,81.91,81.71,109.68,89.87,45.51
Central,-5 MD,min,3741.84596480183,1668.8291015625,18.0081306141549,0.0,0.0,379.352913338725,3.41595108561244,1633.0,1659.0,-8.0,-0.0488073509168053,3046.0,217.15,286.38,121.91,,,154.08,112.21,340.92,339.26,20.51,93.2,83.16
Central,-5 MD,p75,4981.2663524028,2155.21240234375,105.489598737351,36.8113522477865,0.0,641.497666667788,4.46875008443992,2765.0,2785.0,14.0,0.00972604340263228,11329.0,44.11,49.61,22.12,19.01,,48.54,85.29,82.29,82.74,350.0,180.37,47.29
Central,-5 MD,p90,5998.73081212876,2364.50610351563,121.836096489668,39.524966335829,0.0,664.07191146553,4.74492830810723,2840.0,2851.0,18.0,0.0221943540297771,12632.0,50.34,51.12,19.4,13.92,0.0,47.16,79.54,83.04,83.07,150.0,195.63,47.44
Central,-5 MD,p95,5998.73081212876,2364.50610351563,121.836096489668,39.524966335829,0.0,664.07191146553,4.74492830810723,2840.0,2851.0,18.0,0.0221943540297771,12632.0,49.9,46.73,17.16,13.42,0.0,47.01,73.93,81.99,82.19,120.0,143.78,46.56
Central,>-5 MD,mean,4055.785999127219,1575.17215983073,53.453669271775,17.920145557693857,0.0,526.0808716920918,4.5417629584413595,1711.888888888889,1725.5555555555557,6.333333333333333,-0.018933077731992386,9518.444444444445,41.83,42.34,14.84,12.26,0.0,47.48,92.93,60.87,61.06,-158.33,456.54,47.1
Central,>-5 MD,median,4082.0139276546,1610.87316894531,46.8043623983494,23.992584349734,0.0,520.476848921671,4.49949924090896,1463.0,1473.0,7.0,-0.0194435489460876,9690.0,38.47,41.01,13.0,19.52,,43.86,94.6,46.08,46.09,-140.0,394.26,47.18
Central,>-5 MD,max,4503.06626580811,1789.11193847656,110.972049217718,46.7508379011914,0.0,616.849905352766,4.87154029598239,2347.0,2356.0,18.0,0.0226728960101343,10975.0,35.05,29.07,14.6,10.5,0.0,34.21,74.08,67.27,66.91,58.06,74.34,35.94
Central,>-5 MD,min,3396.94538040287,1408.39782714844,20.1458073308197,0.0,0.0,429.990207381187,4.22708307703335,1349.0,1355.0,-8.0,-0.0421817165566656,7187.0,197.14,241.69,136.39,,,174.65,138.86,281.63,277.1,20.51,80.55,196.21
Central,>-5 MD,p75,4395.31739952692,1640.00817871094,65.9422242473619,28.7579868284823,0.0,553.044914808834,4.76704552769661,2268.0,2294.0,11.0,-0.0181411969337074,10359.0,38.92,37.75,13.83,14.85,,41.85,90.98,67.5,68.15,275.0,-336.42,43.24
Central,>-5 MD,p90,4450.10187659543,1696.13488769531,90.5019521387103,30.4864803546787,0.0,603.811846602866,4.81686891128719,2328.0,2338.0,12.0,-0.00775073583862518,10544.0,37.35,36.67,14.41,10.73,0.0,42.88,80.75,68.07,68.12,100.0,-68.32,39.6
Central,>-5 MD,p95,4503.06626580811,1789.11193847656,110.972049217718,46.7508379011914,0.0,616.849905352766,4.87154029598239,2347.0,2356.0,18.0,0.0226728960101343,10975.0,37.45,35.36,15.63,15.88,0.0,43.66,75.9,67.75,67.92,120.0,146.88,40.45
Central,-2 MD,mean,2425.730647686666,1388.895770696947,16.826820483096014,4.756141289543023,0.0,234.81996311089762,3.8741950451909335,1787.0246913580247,1797.9506172839506,3.5555555555555554,-0.008628633025185947,5215.074074074074,25.02,37.33,4.67,3.25,0.0,21.19,79.27,63.54,63.62,-88.89,208.06,25.81
Central,-2 MD,median,2440.9723510845,1469.61853027344,0.0,0.0,0.0,230.702236197,3.94914979836355,1834.0,1857.0,4.0,-0.00359788088134038,5258.0,23.0,37.42,0.0,0.0,,19.44,83.03,57.76,58.1,-80.0,72.95,25.6
Central,-2 MD,max,4745.36182293292,1918.50854492188,107.280761700653,40.6828807220831,0.0,474.500404129699,5.19059752612704,2638.0,2638.0,18.0,0.0770687038527155,9575.0,36.93,31.17,14.12,9.14,0.0,26.32,78.94,75.61,74.92,58.06,252.69,31.36
Central,-2 MD,min,0.0,0.0,0.0,0.0,0.0,0.0,0.0,0.0,0.0,-16.0,-0.0725823273271504,0.0,0.0,0.0,0.0,,,0.0,0.0,0.0,0.0,41.03,138.6,0.0
Central,-2 MD,p75,2754.70167723198,1574.40405273438,25.6704688472485,7.63144484425997,0.0,275.494134012943,4.44083328048389,2015.0,2016.0,8.0,0.00685947100936431,6064.0,24.39,36.24,5.38,3.94,,20.85,84.76,59.97,59.89,200.0,127.21,25.31
Central,-2 MD,p90,3097.08129283982,1665.40051269531,51.9630329620526,19.0770288789699,0.0,336.118176382993,4.71407420663571,2131.0,2134.0,12.0,0.0221018207920505,7048.0,25.99,36.01,8.27,6.72,0.0,23.87,79.03,62.31,62.18,100.0,194.81,26.47
Central,-2 MD,p95,3327.59629416916,1812.8828125,62.8548672113734,25.7049119479657,0.0,414.694191341118,4.91835010899639,2200.0,2210.0,16.0,0.037426982931525,7891.0,27.68,35.83,8.85,8.73,0.0,29.35,76.63,63.51,63.71,106.67,242.47,29.08
Central,+2 MD,mean,4358.9368235944,1640.131121826174,142.368597986821,57.92334976018138,0.73191569726263,529.497880935524,4.28833375836061,1605.3,1616.6,5.3,-0.0007403894503803372,9616.65,44.96,44.08,39.53,39.64,17.96,47.79,87.74,57.08,57.2,-132.5,17.85,47.59
Central,+2 MD,median,4370.53296066863,1711.2267456054701,62.97591859753665,15.2237475814476,0.0,517.2004429743879,4.368611332844405,1733.0,1743.5,3.5,0.0020424618377686,9328.5,41.19,43.57,17.49,12.38,,43.58,91.85,54.58,54.55,-70.0,-41.42,45.42
Central,+2 MD,max,5500.41531006657,2105.59912109375,555.444065820497,406.285850911563,14.6383139452526,765.388956257411,5.17548396556265,2079.0,2107.0,28.0,0.0483226493732222,13884.0,42.81,34.21,73.09,91.26,25.43,42.45,78.71,59.59,59.84,90.32,158.44,45.47
Central,+2 MD,min,2926.38936476363,1094.37060546875,0.0,0.0,0.0,255.876392979122,3.10653182743776,812.0,816.0,-15.0,-0.0420820709613093,6843.0,169.83,187.8,0.0,,,103.93,102.05,169.52,166.87,38.46,80.36,186.81
Central,+2 MD,p75,5001.56669269938,1832.06762695313,75.1401145288185,35.8198171370508,0.0,623.227353706007,4.54157843960055,1856.0,1882.0,10.0,0.01321194408147,10813.0,44.29,42.17,15.75,18.5,,47.16,86.68,55.24,55.91,250.0,245.01,45.14
Central,+2 MD,p90,5313.12657167424,1954.58337402344,525.125928465752,102.902286429546,0.0,703.356458417528,4.78109423710843,1936.0,1931.0,19.0,0.0243420715955368,11560.0,44.59,42.26,83.61,36.23,0.0,49.95,80.15,56.61,56.26,158.33,214.56,43.42
Central,+2 MD,p95,5465.12616235058,1982.72778320313,547.093282927935,371.991225492943,0.0,732.678641613322,5.00049224756784,2060.0,2053.0,21.0,0.0454938401778973,12368.0,45.46,39.18,77.07,126.33,0.0,51.86,77.91,59.47,59.18,140.0,294.73,45.58
Central,No MD,mean,4214.409084013131,1654.1754493820845,140.40847464911897,44.65891123425284,1.9222120563667207,459.4270319772643,4.311935944476855,1825.5633802816901,1838.5915492957747,4.514084507042254,0.0022226946457331287,8735.18309859155,43.47,44.46,38.98,30.56,47.17,41.46,88.22,64.91,65.06,-112.85,-53.6,43.23
Central,No MD,median,3943.81107550204,1521.2548828125,78.0667417639156,17.4712261327523,0.0,436.3049599731845,4.345746973297411,1748.5,1748.5,5.0,-0.00178697491819258,8185.5,37.17,38.73,21.69,14.21,,36.77,91.37,55.07,54.71,-100.0,36.23,39.85
Central,No MD,max,11398.7062414212,4108.44580078125,785.776894522852,531.112500922918,54.0227142863388,1275.7356686154,6.61412887776942,3302.0,3320.0,28.0,0.0726250119338496,22935.0,88.72,66.75,103.39,119.3,93.87,70.76,100.59,94.64,94.29,90.32,238.12,75.11
Central,No MD,min,954.84411227621,126.265884399414,0.0,0.0,0.0,42.757002929022065,2.35401511292666,447.0,452.0,-18.0,-0.0760310373539914,2169.0,55.41,21.67,0.0,,,17.37,77.33,93.32,92.43,46.15,145.19,59.21
Central,No MD,p75,4774.09201909611,1938.21838378906,183.729945497905,55.9124505206013,0.0,576.237738454788,4.73728535753309,2143.0,2146.0,10.0,0.0200053039369326,10531.0,42.27,44.61,38.52,28.87,,43.6,90.41,63.78,63.76,250.0,370.99,43.96
Central,No MD,p90,6899.17562683713,2317.126953125,412.728736627966,122.800654349192,0.0,743.535624455368,5.02886803149675,2554.0,2577.0,17.0,0.0397993334850015,14568.0,57.9,50.1,65.71,43.23,0.0,52.8,84.3,74.68,75.09,141.67,350.8,54.71
Central,No MD,p95,8484.68325739874,3145.466796875,528.463871254849,180.536463784031,13.0929156713644,821.521196344569,5.29034942388535,2780.0,2819.0,19.0,0.0538647829474039,17293.0,70.57,62.16,74.44,61.31,44.41,58.15,82.43,80.25,81.26,126.67,348.96,63.73
Central,+1 MD,mean,4011.8292341723336,1727.6419630639357,182.22721870127455,61.12687041333942,0.4110125706932778,503.7526264187193,4.541939088287926,1727.7222222222222,1735.388888888889,8.537037037037036,-0.004204039026855638,9129.12962962963,41.38,46.44,50.59,41.83,10.09,45.46,92.93,61.43,61.4,-213.43,101.37,45.18
Central,+1 MD,median,4255.10731923682,1803.4152221679701,101.69088610922239,30.5494833164925,0.0,554.345268508645,4.711266858409145,1845.0,1847.5,7.5,-0.00520294721152251,9439.5,40.1,45.92,28.25,24.85,,46.71,99.05,58.11,57.81,-150.0,105.5,45.96
Central,+1 MD,max,5077.87715773554,2235.54345703125,564.192439042196,314.141280902188,22.194678817437,766.656622517594,7.13313990921685,2216.0,2216.0,36.0,0.0781727909919448,13736.0,39.52,36.32,74.24,70.56,38.56,42.52,108.48,63.51,62.94,116.13,256.31,44.98
Central,+1 MD,min,1543.8010974620802,378.88838195800804,0.0,0.0,0.0,33.405636697151195,1.9821528488337399,581.0,586.0,-19.0,-0.049319943720207905,1771.0,89.59,65.02,0.0,,,13.57,65.11,121.29,119.84,48.72,94.18,48.35
Central,+1 MD,p75,4647.5207995014,1971.97570800781,293.715451929502,85.5766483082267,0.0,631.072640127062,5.10960856872777,1971.0,1987.0,16.0,0.0112619741266565,10841.0,41.15,45.39,61.58,44.19,,47.75,97.52,58.66,59.03,400.0,208.85,45.25
Central,+1 MD,p90,4936.34605005697,2106.884765625,456.202357497802,155.694897949708,0.0,675.377005894288,5.40587540853906,2013.0,2020.0,25.0,0.0229923252009571,12043.0,41.43,45.55,72.63,54.82,0.0,47.96,90.62,58.86,58.86,208.33,202.66,45.23
Central,+1 MD,p95,5003.56305140501,2145.06689453125,471.498362852021,203.754146822435,0.0,693.178516862226,5.50916659335295,2061.0,2070.0,28.0,0.0277982330444307,12102.0,41.62,42.39,66.42,69.2,0.0,49.07,85.84,59.5,59.67,186.67,180.09,44.6
Centrocampista,-3 MD,mean,5643.754236122741,1877.7605881911068,246.51654591557235,80.79667472399782,0.6656670364971539,649.9760928329856,4.449755076557299,2274.846153846154,2290.9846153846156,-3.6153846153846154,0.0024134242073167015,10695.23076923077,79.72,82.07,79.57,78.59,31.42,80.12,94.09,123.43,123.84,22.55,41.51,80.05
Centrocampista,-3 MD,median,5850.63645132592,1876.0009765625,214.804854536949,57.5541662705726,0.0,657.952916169198,4.45635515801383,2290.0,2294.0,-4.0,0.00324868545774053,10973.0,81.85,81.45,84.4,56.7,,83.28,92.62,129.52,128.99,29.63,95.81,78.22
Centrocampista,-3 MD,max,7750.58299852967,2737.51831054688,666.169401476251,364.590229477587,31.1328346144299,987.055064346311,5.49012638490509,2937.0,2968.0,35.0,0.0625657294373912,15139.0,54.51,64.91,73.66,121.39,118.67,56.37,77.26,85.95,86.58,184.21,86.61,55.72
Centrocampista,-3 MD,min,2626.36020298055,1083.38439941406,15.3072185925927,0.0,0.0,253.65353253942,3.65039569510755,1565.0,1594.0,-25.0,-0.0638008832850832,5473.0,178.47,363.08,104.26,,,124.94,118.2,657.56,672.57,41.67,131.36,
Centrocampista,-3 MD,p75,6535.56250192701,2076.17163085938,321.601890917788,107.059718568518,0.0,756.566204876464,4.69587965445085,2522.0,2531.0,1.0,0.0213520684714305,12040.0,63.73,61.16,71.13,78.52,,62.76,92.84,99.41,98.56,-50.0,93.28,58.15
Centrocampista,-3 MD,p90,7025.00837588889,2353.9765625,423.685396151878,175.170446740123,0.0,805.168111494274,5.21514319836692,2703.0,2723.0,9.0,0.0384318491455607,13365.0,55.91,62.04,70.12,87.34,,55.8,89.54,85.76,86.06,-900.0,106.25,55.95
Centrocampista,-3 MD,p95,7353.9942385051,2560.912109375,518.299994461202,212.067193446843,0.0,826.05634823943,5.34778642684522,2852.0,2874.0,15.0,0.0540035671503104,14099.0,53.65,61.66,72.0,90.54,0.0,53.81,87.09,89.04,89.45,500.0,135.23,53.32
Centrocampista,-4 MD,mean,6288.311978940182,2082.122753666897,290.3086802954487,94.17011035386095,0.4938477408047812,733.3809416463092,4.395809160794976,2455.470588235294,2469.764705882353,-4.098039215686274,0.005915572507593938,11983.274509803921,88.82,91.01,93.7,91.6,23.31,90.41,92.95,133.23,133.5,25.56,101.74,89.7
Centrocampista,-4 MD,median,6195.21529235016,2029.6337890625,287.37151027605,74.3158833417659,0.0,751.491618237255,4.40118267053506,2534.0,2530.0,-5.0,0.0118412040727003,12632.0,86.67,88.12,112.91,73.21,,95.12,91.48,143.33,142.25,37.04,349.22,90.05
Centrocampista,-4 MD,max,8410.76540985616,3035.6982421875,603.08401673804,272.497480335438,16.7068815938551,1107.13686663221,5.62228959091384,3205.0,3224.0,16.0,0.0568143439555779,16698.0,59.15,71.98,66.69,90.73,63.68,63.23,79.11,93.8,94.05,84.21,78.65,61.46
Centrocampista,-4 MD,min,1162.41007918246,553.055603027344,64.1176065265071,8.68843583419109,0.0,163.33740332612,2.84656969184427,676.0,680.0,-21.0,-0.0573356558113801,2920.0,78.99,185.35,436.72,,,80.45,92.18,284.03,286.92,35.0,118.05,
Centrocampista,-4 MD,p75,7005.43606398446,2349.94287109375,399.784740223254,132.365783711636,0.0,855.419201897875,4.70072385538307,2753.0,2774.0,4.0,0.0275704410959785,13572.0,68.31,69.23,88.42,97.08,,70.96,92.94,108.51,108.02,-200.0,120.44,65.55
Centrocampista,-4 MD,p90,7630.61328254092,2562.18603515625,448.673333867447,240.427427128846,0.0,913.87855152663,5.1425842022655,2845.0,2872.0,10.0,0.0426765260979188,14039.0,60.73,67.52,74.26,119.87,,63.33,88.3,90.26,90.77,-1000.0,117.98,58.77
Centrocampista,-4 MD,p95,7988.75920981984,2963.955078125,512.923995147583,258.570508335883,0.0,990.409774177722,5.18821113539062,2901.0,2914.0,15.0,0.0488057028600572,14961.0,58.29,71.37,71.26,110.39,0.0,64.51,84.49,90.57,90.69,500.0,122.21,56.58
Centrocampista,-1 MD,mean,2990.2358888881686,1242.6931571073326,56.39567200162243,12.650040042349193,0.0,338.62384783524345,4.2047292577172355,1766.8255813953488,1777.4186046511627,-0.37209302325581395,0.005365623829781269,6213.976744186047,42.24,54.32,18.2,12.31,0.0,41.74,88.91,95.87,96.08,2.32,92.28,46.51
Centrocampista,-1 MD,median,2919.3661353790903,1215.13464355469,50.61110262081705,0.0,0.0,339.98846511505656,4.181150928741754,1651.5,1667.0,-1.5,0.0005529440205688799,5920.0,40.84,52.76,19.89,0.0,,43.03,86.9,93.41,93.73,11.11,16.31,42.2
Centrocampista,-1 MD,max,4157.96552352031,1757.32263183594,196.573084148351,69.2430057615675,0.0,550.238752278849,5.83301784389147,2548.0,2574.0,17.0,0.0915661530613079,9884.0,29.24,41.67,21.74,23.05,0.0,31.42,82.08,74.57,75.09,89.47,126.76,36.38
Centrocampista,-1 MD,min,2082.18662475321,759.006713867188,0.0,0.0,0.0,163.123099607905,2.89896865786126,1116.0,1116.0,-23.0,-0.0749973299781282,4090.0,141.49,254.37,0.0,,,80.35,93.87,468.91,470.89,38.33,154.41,
Centrocampista,-1 MD,p75,3342.82826256134,1408.25598144531,80.6681084946881,24.8833724163018,0.0,404.375776833248,4.57061868123334,1994.0,2018.0,6.0,0.0258812974003681,7168.0,32.59,41.49,17.84,18.25,,33.55,90.37,78.6,78.58,-300.0,113.06,34.62
Centrocampista,-1 MD,p90,3796.40891495046,1560.54235839844,109.3141125277,39.5235244865258,0.0,444.277208641213,4.94191059008592,2279.0,2302.0,12.0,0.0554617137662448,7763.0,30.21,41.13,18.09,19.71,,30.79,84.85,72.3,72.76,-1200.0,153.32,32.5
Centrocampista,-1 MD,p95,3873.94897864829,1600.99536132813,134.673481539084,42.6555000259878,0.0,487.49753612846,5.24172975684858,2408.0,2427.0,14.0,0.0697122482773878,8077.0,28.26,38.55,18.71,18.21,0.0,31.76,85.37,75.18,75.54,466.67,174.56,30.54
Centrocampista,MD,mean,7079.876030533154,2287.8954569498705,309.8291095510813,102.80316159867522,2.1188128138538302,811.2094244477001,4.729422564088347,1843.0166666666667,1849.9666666666667,-16.033333333333335,0.005814625392278449,13359.9,0.0,0.0,0.0,0.0,0.0,0.0,0.0,0.0,0.0,0.0,0.0,0.0
Centrocampista,MD,median,7147.651627371075,2303.150390625,254.5032040486395,101.5078347895715,0.0,790.062530390952,4.811311059001126,1768.0,1778.5,-13.5,0.003390789864314,14028.0,0.0,0.0,0.0,0.0,0.0,0.0,0.0,0.0,0.0,0.0,0.0,0.0
Centrocampista,MD,max,14218.8413043874,4217.13330078125,904.343524678116,300.354564446197,26.2358257481737,1751.02128937957,7.10649432457658,3417.0,3428.0,19.0,0.0722380908065796,27170.0,0.0,0.0,0.0,0.0,0.0,0.0,0.0,0.0,0.0,0.0,0.0,0.0
Centrocampista,MD,min,1471.60512404176,298.383972167969,14.6817026513949,0.0,0.0,203.018331056686,3.08820695738601,238.0,237.0,-60.0,-0.0485700785133102,0.0,0.0,0.0,0.0,0.0,0.0,0.0,0.0,0.0,0.0,0.0,0.0,0.0
Centrocampista,MD,p75,10255.7108500866,3394.5849609375,452.12020556994,136.340634553126,0.0,1205.44827929419,5.05789549162091,2537.0,2568.0,-2.0,0.0228910649464522,20706.0,0.0,0.0,0.0,0.0,0.0,0.0,0.0,0.0,0.0,0.0,0.0,0.0
Centrocampista,MD,p90,12565.3896341961,3794.58422851563,604.200732603322,200.569534192039,0.0,1443.06117090349,5.82424250465852,3152.0,3164.0,-1.0,0.0361726991847495,23889.0,0.0,0.0,0.0,0.0,0.0,0.0,0.0,0.0,0.0,0.0,0.0,0.0
Centrocampista,MD,p95,13706.1095006528,4153.14501953125,719.826107616237,234.229924082263,19.7750657711822,1535.17666780807,6.14032409834341,3203.0,3213.0,3.0,0.0399353886925873,26443.0,0.0,0.0,0.0,0.0,0.0,0.0,0.0,0.0,0.0,0.0,0.0,0.0
Centrocampista,-5 MD,mean,5572.371716539561,2102.759924316408,143.56265054353713,43.19899564806732,0.0,684.0986201372523,4.421598502256054,2294.1,2310.7,1.5,0.0015296159622265528,10895.6,78.71,91.91,46.34,42.02,0.0,84.33,93.49,124.48,124.9,-9.36,26.31,81.55
Centrocampista,-5 MD,median,5422.90409139436,2238.0184326171902,121.492678667814,33.066912606332046,0.0,674.90134498608,4.3446234941031,2561.0,2597.0,1.5,0.00445387275052504,10530.5,75.87,97.17,47.74,32.58,,85.42,90.3,144.85,146.02,-11.11,131.35,75.07
Centrocampista,-5 MD,max,6574.7059679817,2771.359375,292.513223487887,108.32345177779,0.0,881.165378183096,5.49896898895803,2831.0,2860.0,16.0,0.0513318239550357,14206.0,46.24,65.72,32.35,36.07,0.0,50.32,77.38,82.85,83.43,84.21,71.06,52.29
Centrocampista,-5 MD,min,4422.28118004205,1562.90161132813,36.365587933883,7.48366444401339,0.0,466.617596761921,3.87005031159028,1575.0,1566.0,-21.0,-0.0315675039992193,9204.0,300.51,523.79,247.69,,,229.84,125.32,661.76,660.76,35.0,64.99,
Centrocampista,-5 MD,p75,6299.80504742044,2391.43969726563,180.817667550792,68.4813176476423,0.0,763.953764566496,4.73720962451363,2712.0,2724.0,14.0,0.0149881300885999,11698.0,61.43,70.45,39.99,50.23,,63.38,93.66,106.9,106.07,-700.0,65.48,56.5
Centrocampista,-5 MD,p90,6307.23120152196,2535.40991210938,275.922300674308,101.360474163274,0.0,853.498181350755,4.86813970361696,2818.0,2844.0,15.0,0.0298678224602649,12351.0,50.2,66.82,45.67,50.54,,59.14,83.58,89.4,89.89,-1500.0,82.57,51.7
Centrocampista,-5 MD,p95,6574.7059679817,2771.359375,292.513223487887,108.32345177779,0.0,881.165378183096,5.49896898895803,2831.0,2860.0,16.0,0.0513318239550357,14206.0,47.97,66.73,40.64,46.25,0.0,57.4,89.56,88.39,89.01,533.33,128.54,53.72
Centrocampista,>-5 MD,mean,4685.544489243524,1667.0770485617911,56.80085563129842,9.018783312250308,0.0,596.6584036469068,4.114593680153246,1645.5454545454545,1652.0,0.0,0.014863684138022094,9284.545454545454,66.18,72.87,18.33,8.77,0.0,73.55,87.0,89.29,89.3,-0.0,255.63,69.5
Centrocampista,>-5 MD,median,4449.36417761306,1630.59875488281,49.6516211018958,8.9224151440247,0.0,646.05624011295,4.06159512146756,1435.0,1443.0,0.0,0.00734766400789341,8647.0,62.25,70.8,19.51,8.79,,81.77,84.42,81.17,81.14,-0.0,216.69,61.64
Centrocampista,>-5 MD,max,6229.58963608053,2264.66235351563,126.293224034981,31.7704197543397,0.0,810.379321509724,5.38530303673311,2331.0,2343.0,26.0,0.0637347201856159,12381.0,43.81,53.7,13.97,10.58,0.0,46.28,75.78,68.22,68.35,136.84,88.23,45.57
Centrocampista,>-5 MD,min,3573.58845336515,1366.68884277344,0.0,0.0,0.0,411.777310820159,2.93038708142159,1281.0,1277.0,-34.0,-0.0215996283894962,7148.0,242.84,458.03,0.0,,,202.83,94.89,538.24,538.82,56.67,44.47,
Centrocampista,>-5 MD,p75,5604.06803197167,1780.21508789063,87.5601366629217,14.3686199570915,0.0,684.176102635612,4.81474329576347,2052.0,2062.0,13.0,0.0347869282036723,10394.0,54.64,52.44,19.37,10.54,,56.76,95.19,80.88,80.3,-650.0,151.97,50.2
Centrocampista,>-5 MD,p90,5980.80216254514,1866.45300292969,92.8382864704649,16.2712824918002,0.0,776.36753758678,5.10568159547719,2255.0,2267.0,16.0,0.0534490732847783,11484.0,47.6,49.19,15.37,8.11,,53.8,87.66,71.54,71.65,-1600.0,147.76,48.07
Centrocampista,>-5 MD,p95,6229.58963608053,2264.66235351563,126.293224034981,31.7704197543397,0.0,810.379321509724,5.38530303673311,2331.0,2343.0,26.0,0.0637347201856159,12381.0,45.45,54.53,17.54,13.56,0.0,52.79,87.7,72.78,72.92,866.67,159.59,46.82
Centrocampista,-2 MD,mean,2618.4151588354807,1443.2615936279303,28.528862011637745,7.72648757123874,0.27060564453882624,250.70325547284287,3.8467969112807685,1887.4375,1901.3125,3.3125,0.0003390063646525148,5547.8625,36.98,63.08,9.21,7.52,12.77,30.9,81.34,102.41,102.78,-20.66,5.83,41.53
Centrocampista,-2 MD,median,2725.8952552491246,1459.190917968755,10.335880316686929,0.0,0.0,258.264756371409,3.8473421178432,1893.5,1917.0,2.5,0.0017373784161559352,5674.0,38.14,63.36,4.06,0.0,,32.69,79.96,107.1,107.79,-18.52,51.24,40.45
Centrocampista,-2 MD,max,4340.52310546011,2246.26904296875,221.73884310201,147.461781039642,21.6484515631061,542.248973756209,5.27855222524216,2681.0,2701.0,23.0,0.132780866125891,8299.0,30.53,53.27,24.52,49.1,82.51,30.97,74.28,78.46,78.79,121.05,183.81,30.54
Centrocampista,-2 MD,min,870.489562268729,378.908935546875,0.0,0.0,0.0,42.948919225002,1.97437729398008,563.0,559.0,-17.0,-0.077956330334281,1876.0,59.15,126.99,0.0,,,21.16,63.93,236.55,235.86,28.33,160.5,
Centrocampista,-2 MD,p75,2985.50450165492,1605.97119140625,39.2782371630283,0.0,0.0,315.829855588571,4.26608992094544,2056.0,2079.0,8.0,0.0206382493907087,6350.0,29.11,47.31,8.69,0.0,,26.2,84.35,81.04,80.96,-400.0,90.16,30.67
Centrocampista,-2 MD,p90,3272.16116003241,1793.93627929688,81.7686708982082,22.1804553498123,0.0,356.120991010236,4.68792926331963,2407.0,2420.0,13.0,0.03604051274358,7116.0,26.04,47.28,13.53,11.06,,24.68,80.49,76.36,76.49,-1300.0,99.63,29.79
Centrocampista,-2 MD,p95,3655.82850596405,2039.18713378906,108.465287008499,34.2445642452497,0.0,410.501049579532,5.10794185932964,2592.0,2600.0,17.0,0.0505919883506473,7592.0,26.67,49.1,15.07,14.62,0.0,26.74,83.19,80.92,80.92,566.67,126.68,28.71
Centrocampista,+2 MD,mean,4621.682255286636,1628.625286865236,147.70488740132103,63.74874355111008,1.2391726279985351,548.7272757730188,4.12426792399061,1620.3,1628.65,0.4,-0.003350303222314579,9242.75,65.28,71.18,47.67,62.01,58.48,67.64,87.2,87.92,88.04,-2.49,-57.62,69.18
Centrocampista,+2 MD,median,4769.0499462230455,1692.33746337891,64.31326364003024,20.9444337344333,0.0,558.884591192278,4.113687017700496,1661.5,1664.5,-1.5,-0.005125416309897215,9553.0,66.72,73.48,25.27,20.63,,70.74,85.5,93.98,93.59,11.11,-151.16,68.1
Centrocampista,+2 MD,max,6096.20840335803,1999.4443359375,594.838591720577,455.951838283644,24.7834525599707,951.141031334913,5.82415397677207,2560.0,2557.0,23.0,0.0612701549857997,12901.0,42.87,47.41,65.78,151.8,94.46,54.32,81.96,74.92,74.59,121.05,84.82,47.48
Centrocampista,+2 MD,min,2680.6348023863,962.552062988281,13.6060433672637,0.0,0.0,186.265323225869,2.85289982202077,861.0,862.0,-12.0,-0.059066169131405,4942.0,182.16,322.59,92.67,,,91.75,92.38,361.76,363.71,20.0,121.61,
Centrocampista,+2 MD,p75,5099.75140670656,1804.1865234375,160.975492842807,66.5507342882225,0.0,637.706312606062,4.38995373344382,1863.0,1874.0,3.0,0.0183430373805474,10308.0,49.73,53.15,35.6,48.81,,52.9,86.79,73.43,72.98,-150.0,80.13,49.78
Centrocampista,+2 MD,p90,5292.19647324094,1980.20263671875,524.685090012763,108.126291061081,0.0,683.875543230282,4.83484009048753,1954.0,1961.0,7.0,0.0335424081183003,11029.0,42.12,52.18,86.84,53.91,,47.39,83.01,61.99,61.98,-700.0,92.73,46.17
Centrocampista,+2 MD,p95,5629.30446199196,1982.69079589844,558.254049143774,231.066416447214,0.0,706.737013074249,5.61475996291798,2031.0,2044.0,19.0,0.0429204302549698,11566.0,41.07,47.74,77.55,98.65,0.0,46.04,91.44,63.41,63.62,633.33,107.47,43.74
Centrocampista,No MD,mean,4250.020353174549,1553.6274820630028,167.96054819811147,48.99570841179867,0.482731387366504,444.5792175357283,4.097214592668195,1797.120218579235,1807.0655737704917,0.907103825136612,0.009770292532903228,8493.174863387978,60.03,67.91,54.21,47.66,22.78,54.8,86.63,97.51,97.68,-5.66,168.03,63.57
Centrocampista,No MD,median,4220.26654854908,1492.03649902344,106.925559804015,18.6227650228631,0.0,440.388436293435,4.0987079382344,1773.0,1784.0,1.0,0.00836063247464089,8391.0,59.04,64.78,42.01,18.35,,55.74,85.19,100.28,100.31,-7.41,246.57,59.82
Centrocampista,No MD,max,13342.8340522917,3666.7275390625,856.459471868134,488.732685702505,23.2712676243084,1507.01461812015,5.78542505500694,3413.0,3403.0,37.0,0.100017421306889,25532.0,93.84,86.95,94.71,162.72,88.7,86.06,81.41,99.88,99.27,194.74,138.46,93.97
Centrocampista,No MD,min,1045.56629502033,140.11454162597641,0.0,0.0,0.0,32.9884912143496,2.04267674624318,371.0,369.0,-50.0,-0.138243084427874,2103.0,71.05,46.96,0.0,,,16.25,66.14,155.88,155.7,83.33,284.63,
Centrocampista,No MD,p75,4914.7603408231,1880.62939453125,215.90107519419,66.9401837094688,0.0,577.639537324449,4.49892259055517,2141.0,2156.0,8.0,0.0338286257019668,9747.0,47.92,55.4,47.75,49.1,,47.92,88.95,84.39,83.96,-400.0,147.78,47.07
Centrocampista,No MD,p90,6434.40958338007,2207.66723632813,451.900683832516,134.515995181701,0.0,675.479147322674,4.90118659857147,2449.0,2467.0,16.0,0.0527133099302592,12553.0,51.21,58.18,74.79,67.07,,46.81,84.15,77.7,77.97,-1600.0,145.73,52.55
Centrocampista,No MD,p95,8293.3552568058,2407.95581054688,563.35789945805,175.615324235341,0.0,840.736656862984,5.22152785149086,2600.0,2629.0,20.0,0.0652102899636156,15734.0,60.51,57.98,78.26,74.98,0.0,54.76,85.04,81.17,81.82,666.67,163.29,59.5
Centrocampista,+1 MD,mean,4079.9422740124724,1663.8072855400335,185.26120871441,56.37283124901803,0.1848587119527932,529.5571908993734,4.428725637043779,1726.2727272727273,1735.1363636363637,5.704545454545454,-0.004501540729128536,8611.977272727272,57.63,72.72,59.79,54.84,8.72,65.28,93.64,93.67,93.79,-35.58,-77.42,64.46
Centrocampista,+1 MD,median,4309.41287327065,1745.97045898438,113.8776355630585,38.5873142626374,0.0,568.3260086618341,4.407904020664265,1834.5,1847.5,5.0,-0.003350744002391905,9123.0,60.29,75.81,44.75,38.01,,71.93,91.62,103.76,103.88,-37.04,-98.82,65.03
Centrocampista,+1 MD,max,5519.1408907652,2212.01538085938,581.482317946673,382.857971471916,8.1337833259229,803.165744395755,6.34006334650597,2266.0,2287.0,28.0,0.0550388031029168,11966.0,38.82,52.45,64.3,127.47,31.0,45.87,89.22,66.32,66.72,147.37,76.19,44.04
Centrocampista,+1 MD,min,994.323171134927,378.88838195800804,0.0,0.0,0.0,33.405636697151195,1.9821528488337399,581.0,586.0,-21.0,-0.0523221359762706,1771.0,67.57,126.98,0.0,,,16.45,64.18,244.12,247.26,35.0,107.73,
Centrocampista,+1 MD,p75,4775.56462704468,1891.7041015625,366.854228899911,53.3136899720808,0.0,651.742088021225,4.9150463426956,1978.0,1982.0,12.0,0.00885196929860886,10093.0,46.56,55.73,81.14,39.1,,54.07,97.18,77.97,77.18,-600.0,38.67,48.74
Centrocampista,+1 MD,p90,5232.87056901158,2084.8564453125,480.094126224043,152.573167195856,0.0,746.523484835324,5.30406557249299,2054.0,2061.0,19.0,0.0168807625065514,10894.0,41.65,54.94,79.46,76.07,,51.73,91.07,65.16,65.14,-1900.0,46.67,45.6
Centrocampista,+1 MD,p95,5424.04914406024,2179.60766601563,485.993164035702,167.281759636448,0.0,785.721012960054,5.79772715114986,2111.0,2133.0,20.0,0.0370204972775966,11337.0,39.57,52.48,67.52,71.42,0.0,51.18,94.42,65.91,66.39,666.67,92.7,42.87
